mrg_T_H,LST_Gauge_normalized,LST_raw_examples,status,cls_T_H_values,mrg_sources,mrg_base_indices,SUGRA_examples
9,2 f4 + so8 + su2+g2 + su3,2 f5+so(8)+su(3)+g2+su(2),LST_missing,,T010/Ext1,105,2 f4 + so8 + 2 su2+g2; 2 f4 + so8 + su2+g2 + 2 su3
10,e6 + f4 + so8 + su2+so7+su2 + su3,e6+f5+so(8)+su(3)+so(7)+2 su(2),LST_missing,,T011/Ext1,142,e6 + f4 + so8 + su2+so7+su2 + 2 su3
16,6 so8 + su2+so7+su2,6 so(8)+so(7)+2 su(2),LST_missing,,T017/Ext3,263,(none)
18,8 so8,8 so(8),LST_missing,,T019/Ext2,"258, 261",10 so8
20,8 so8 + 2 su3,8 so(8)+2 su(3),LST_missing,,T021/Ext2,270,2 e6 + 8 so8 + 2 su3; e6 + f4 + 8 so8 + 2 su3
22,8 so8 + 2 su2+g2,8 so(8)+2(g2+su(2)),LST_exists_wrong_TH,"23, 24",T023/Ext2,231,2 e7 + 8 so8 + 2 su2+g2; 2 e7p + 8 so8 + 2 su2+g2; e6 + e7 + 8 so8 + 2 su2+g2; e6 + e7p + 8 so8 + 2 su2+g2; e7 + e7p + 8 so8 + 2 su2+g2
22,9 so8 + 2 su3,9 so(8)+2 su(3),LST_missing,,T023/Ext2,234,2 e6 + 9 so8 + 2 su3
23,3 e7 + so8 + 4 su2+so7+su2,3 e7+so(8)+4(so(7)+2 su(2)),LST_exists_wrong_TH,24,T024/Ext2,164,(none)
23,9 so8 + su2+g2 + su3,9 so(8)+su(3)+g2+su(2),LST_exists_wrong_TH,24,T024/Ext2,218,e6 + e7 + 9 so8 + su2+g2 + su3; e6 + e7p + 9 so8 + su2+g2 + su3; e7 + f4 + 9 so8 + su2+g2 + su3
24,10 so8 + 2 su3,10 so(8)+2 su(3),LST_missing,,T025/Ext2,228,(none)
24,10 so8 + su2+g2,10 so(8)+g2+su(2),LST_exists_wrong_TH,25,T025/Ext3,222,(none)
24,3 e7 + 2 so8 + 4 su2+so7+su2,3 e7+2 so(8)+4(so(7)+2 su(2)),LST_missing,,T025/Ext1,215,(none)
24,9 so8 + 2 su2+g2,9 so(8)+2(g2+su(2)),LST_exists_wrong_TH,"25, 26",T025/Ext2,225,2 e7 + 9 so8 + 2 su2+g2; 2 e7p + 9 so8 + 2 su2+g2; e6 + e7 + 9 so8 + 2 su2+g2; e7 + e7p + 9 so8 + 2 su2+g2
25,10 so8 + su2+g2 + su3,10 so(8)+su(3)+g2+su(2),LST_exists_wrong_TH,26,T026/Ext2,214,e6 + e7 + 10 so8 + su2+g2 + su3
26,10 so8 + 2 su2+g2,10 so(8)+2(g2+su(2)),LST_exists_wrong_TH,27,T027/Ext2,218,2 e7 + 10 so8 + 2 su2+g2; e7 + e7p + 10 so8 + 2 su2+g2
26,5 e6 + f4 + 7 su3,5 e6+f5+7 su(3),LST_exists_wrong_TH,27,T027/Ext1; T027/Ext2,"186, 196, 207",(none)
27,6 e6 + 7 su3,6 e6+7 su(3),LST_exists_wrong_TH,28,T028/Ext2,"200, 202, 206, 209",(none); 6 e6 + 9 su3
28,10 so8 + 2 su2+g2,10 so(8)+2(g2+su(2)),LST_exists_wrong_TH,27,T029/Ext2,184,2 e8 + 10 so8 + 2 su2+g2; e6 + e8 + 10 so8 + 2 su2+g2; e7 + e8 + 10 so8 + 2 su2+g2; e7p + e8 + 10 so8 + 2 su2+g2; e8 + f4 + 10 so8 + 2 su2+g2
28,11 so8 + 2 su2+g2,11 so(8)+2(g2+su(2)),LST_missing,,T029/Ext2,185,2 e7 + 11 so8 + 2 su2+g2
29,11 so8 + 2 su2+g2,11 so(8)+2(g2+su(2)),LST_missing,,T030/Ext2,166,e6 + e8 + 11 so8 + 2 su2+g2; e7 + e8 + 11 so8 + 2 su2+g2; e7p + e8 + 11 so8 + 2 su2+g2; e8 + f4 + 11 so8 + 2 su2+g2
29,12 so8 + su2+g2,12 so(8)+g2+su(2),LST_missing,,T030/Ext2; T030/Ext3,"163, 165",(none); e8 + 13 so8 + su2+g2
29,4 e7 + so8 + 5 su2+so7+su2,4 e7+so(8)+5(so(7)+2 su(2)),LST_exists_wrong_TH,30,T030/Ext2,127,(none)
30,11 so8 + 2 su2+g2,11 so(8)+2(g2+su(2)),LST_missing,,T031/Ext2,192,2 e8 + 11 so8 + 2 su2+g2; e6 + e8 + 11 so8 + 2 su2+g2; e7 + e8 + 11 so8 + 2 su2+g2; e7p + e8 + 11 so8 + 2 su2+g2
30,12 so8 + su2+g2 + su3,12 so(8)+su(3)+g2+su(2),LST_missing,,T031/Ext2,195,e6 + e8 + 12 so8 + su2+g2 + su3; e8 + f4 + 12 so8 + su2+g2 + su3
30,4 e7 + 2 so8 + 5 su2+so7+su2,4 e7+2 so(8)+5(so(7)+2 su(2)),LST_missing,,T031/Ext1,188,(none)
30,6 e6 + 2 so8 + 7 su3,6 e6+2 so(8)+7 su(3),LST_missing,,T031/Ext2; T031/Ext3,198,(none)
31,12 so8 + 2 su2+g2,12 so(8)+2(g2+su(2)),LST_missing,,T032/Ext2,182,e6 + e8 + 12 so8 + 2 su2+g2; e7 + e8 + 12 so8 + 2 su2+g2; e7p + e8 + 12 so8 + 2 su2+g2
31,13 so8 + su2+g2,13 so(8)+g2+su(2),LST_missing,,T032/Ext3,178,(none)
32,12 so8 + 2 su2+g2,12 so(8)+2(g2+su(2)),LST_missing,,T033/Ext2,197,2 e8 + 12 so8 + 2 su2+g2; e7 + e8 + 12 so8 + 2 su2+g2; e7p + e8 + 12 so8 + 2 su2+g2
32,13 so8 + su2+g2 + su3,13 so(8)+su(3)+g2+su(2),LST_missing,,T033/Ext2,200,e6 + e8 + 13 so8 + su2+g2 + su3
32,7 e6 + 2 su2+g2 + 6 su3,7 e6+6 su(3)+2(g2+su(2)),LST_missing,,T033/Ext2,201,7 e6 + 2 f4 + 2 su2+g2 + 6 su3
33,13 so8 + 2 su2+g2,13 so(8)+2(g2+su(2)),LST_missing,,T034/Ext2,162,e7 + e8 + 13 so8 + 2 su2+g2; e7p + e8 + 13 so8 + 2 su2+g2
33,2 e8 + 4 f4 + so8 + 5 su2+g2 + su3,2 e8+4 f5+so(8)+su(3)+5(g2+su(2)),LST_missing,,T034/Ext1,59,2 e8 + 4 f4 + so8 + 6 su2+g2
33,7 e6 + so8 + su2+g2 + 7 su3,7 e6+so(8)+7 su(3)+g2+su(2),LST_missing,,T034/Ext2,167,(none)
34,13 so8 + 2 su2+g2,13 so(8)+2(g2+su(2)),LST_missing,,T035/Ext2,149,2 e8 + 13 so8 + 2 su2+g2; e7 + e8 + 13 so8 + 2 su2+g2
34,5 e7 + 6 su2+so7+su2,5 e7+6(so(7)+2 su(2)),LST_exists_wrong_TH,"35, 36",T035/Ext1; T035/Ext2,81,(none)
34,6 e6 + 2 f4 + 9 su3,6 e6+2 f5+9 su(3),LST_missing,,T035/Ext2,132,7 e6 + 3 f4 + 9 su3; 8 e6 + 2 f4 + 9 su3
34,7 e6 + f4 + 8 su3,7 e6+f5+8 su(3),LST_missing,,T035/Ext2; T035/Ext3,"142, 144, 146, 153",(none)
35,14 so8 + 2 su2+g2,14 so(8)+2(g2+su(2)),LST_missing,,T036/Ext2,152,e7 + e8 + 14 so8 + 2 su2+g2
35,5 e7 + so8 + 6 su2+so7+su2,5 e7+so(8)+6(so(7)+2 su(2)),LST_exists_wrong_TH,36,T036/Ext1; T036/Ext2,127,(none)
35,5 e7 + so8 + su2+g2 + 5 su2+so7+su2 + su3,5 e7+so(8)+su(3)+g2+su(2)+5(so(7)+2 su(2)),LST_missing,,T036/Ext2,138,(none)
35,7 e6 + f4 + 9 su3,7 e6+f5+9 su(3),LST_missing,,T036/Ext2; T036/Ext3,144,8 e6 + 2 f4 + 9 su3; 8 e6 + 2 f4 + su2+g2 + 8 su3; 9 e6 + f4 + 9 su3
35,7 e6 + f4 + su2+g2 + 8 su3,7 e6+f5+8 su(3)+g2+su(2),LST_exists_wrong_TH,"36, 37",T036/Ext2,155,8 e6 + 2 f4 + su2+g2 + 8 su3
35,8 e6 + 8 su3,8 e6+8 su(3),LST_missing,,T036/Ext2,"140, 145",9 e6 + 9 su3
36,14 so8 + 2 su2+g2,14 so(8)+2(g2+su(2)),LST_missing,,T037/Ext2,161,2 e8 + 14 so8 + 2 su2+g2
36,5 e7 + f4 + 2 su2+g2 + 4 su2+so7+su2 + su3,5 e7+f5+su(3)+2(g2+su(2))+4(so(7)+2 su(2)),LST_exists_wrong_TH,37,T037/Ext2,112,(none)
36,5 e7 + f4 + 6 su2+so7+su2,5 e7+f5+6(so(7)+2 su(2)),LST_exists_wrong_TH,37,T037/Ext1,106,(none)
36,6 e6 + 2 f4 + 2 su2+g2 + 7 su3,6 e6+2 f5+7 su(3)+2(g2+su(2)),LST_exists_wrong_TH,"37, 38",T037/Ext2,141,6 e6 + 2 e7 + 2 f4 + 2 su2+g2 + 7 su3; 6 e6 + 2 e7p + 2 f4 + 2 su2+g2 + 7 su3; 6 e6 + e7 + 3 f4 + 2 su2+g2 + 7 su3; 7 e6 + e7 + 2 f4 + 2 su2+g2 + 7 su3; 7 e6 + e7p + 2 f4 + 2 su2+g2 + 7 su3
36,7 e6 + f4 + so8 + 9 su3,7 e6+f5+so(8)+9 su(3),LST_missing,,T037/Ext2,167,(none)
36,8 e6 + 9 su3,8 e6+9 su(3),LST_missing,,T037/Ext2; T037/Ext3,150,10 e6 + 10 su3; 10 e6 + 9 su3; 9 e6 + f4 + 9 su3
36,8 e6 + su2+g2 + 8 su3,8 e6+8 su(3)+g2+su(2),LST_missing,,T037/Ext2,154,9 e6 + f4 + su2+g2 + 8 su3
37,7 e6 + f4 + su2+g2 + su2+so7+su2 + 7 su3,7 e6+f5+7 su(3)+g2+su(2)+so(7)+2 su(2),LST_exists_wrong_TH,38,T038/Ext2,165,7 e6 + 2 e7 + f4 + su2+g2 + su2+so7+su2 + 7 su3; 7 e6 + 2 e7p + f4 + su2+g2 + su2+so7+su2 + 7 su3; 7 e6 + e7 + 2 f4 + su2+g2 + su2+so7+su2 + 7 su3; 8 e6 + e7 + f4 + su2+g2 + su2+so7+su2 + 7 su3; 8 e6 + e7p + f4 + su2+g2 + su2+so7+su2 + 7 su3
37,8 e6 + so8 + 9 su3,8 e6+so(8)+9 su(3),LST_missing,,T038/Ext2; T038/Ext3,160,(none)
37,e6 + 5 e7 + 6 su2+so7+su2,5 e7+e6+6(so(7)+2 su(2)),LST_exists_wrong_TH,38,T038/Ext1,"125, 135",(none)
37,e6 + 5 e7 + su2+g2 + 5 su2+so7+su2 + su3,5 e7+e6+su(3)+g2+su(2)+5(so(7)+2 su(2)),LST_exists_wrong_TH,38,T038/Ext3,134,(none)
38,15 so8 + 2 su2+g2,15 so(8)+2(g2+su(2)),LST_missing,,T039/Ext2,140,2 e8 + 15 so8 + 2 su2+g2
38,5 e7 + e7p + 6 su2+so7+su2,5 e7+e7'+6(so(7)+2 su(2)),LST_exists_wrong_TH,"35, 39",T039/Ext1,"103, 114",(none)
38,7 e6 + 2 f4 + 10 su3,7 e6+2 f5+10 su(3),LST_missing,,T039/Ext2,145,9 e6 + 2 f4 + 10 su3
38,7 e6 + 2 f4 + su2+g2 + 8 su3,7 e6+2 f5+8 su(3)+g2+su(2),LST_exists_wrong_TH,39,T039/Ext2; T039/Ext3,"134, 141",(none)
38,8 e6 + 2 su2+so7+su2 + 7 su3,8 e6+7 su(3)+2(so(7)+2 su(2)),LST_missing,,T039/Ext2,143,8 e6 + 2 e7 + 2 su2+so7+su2 + 7 su3; 8 e6 + 2 e7p + 2 su2+so7+su2 + 7 su3; 8 e6 + e7 + f4 + 2 su2+so7+su2 + 7 su3; 9 e6 + e7 + 2 su2+so7+su2 + 7 su3; 9 e6 + e7p + 2 su2+so7+su2 + 7 su3
39,6 e7 + 6 su2+so7+su2,6 e7+6(so(7)+2 su(2)),LST_exists_wrong_TH,"36, 40",T040/Ext1,"86, 93, 107",(none)
39,6 e7 + su2+g2 + 5 su2+so7+su2 + su3,6 e7+su(3)+g2+su(2)+5(so(7)+2 su(2)),LST_missing,,T040/Ext2,92,(none)
39,7 e6 + 2 f4 + su2+g2 + 9 su3,7 e6+2 f5+9 su(3)+g2+su(2),LST_exists_wrong_TH,40,T040/Ext2,135,7 e6 + e7 + 3 f4 + su2+g2 + 9 su3; 8 e6 + e7 + 2 f4 + su2+g2 + 9 su3; 8 e6 + e7p + 2 f4 + su2+g2 + 9 su3
39,8 e6 + f4 + 10 su3,8 e6+f5+10 su(3),LST_missing,,T040/Ext2,125,10 e6 + f4 + 10 su3
39,8 e6 + f4 + su2+g2 + 8 su3,8 e6+f5+8 su(3)+g2+su(2),LST_exists_wrong_TH,40,T040/Ext2; T040/Ext3,"128, 133",(none)
39,8 e6 + f4 + su2+g2 + 9 su3,8 e6+f5+9 su(3)+g2+su(2),LST_exists_wrong_TH,41,T040/Ext2,137,(none)
39,8 e6 + f4 + su2+so7+su2 + 8 su3,8 e6+f5+8 su(3)+so(7)+2 su(2),LST_missing,,T040/Ext2; T040/Ext3,"124, 134",(none)
40,16 so8 + 2 su2+g2,16 so(8)+2(g2+su(2)),LST_missing,,T041/Ext2,133,2 e8 + 16 so8 + 2 su2+g2
40,7 e6 + 2 f4 + 2 su2+g2 + 8 su3,7 e6+2 f5+8 su(3)+2(g2+su(2)),LST_exists_wrong_TH,"41, 42",T041/Ext2,135,7 e6 + 2 e7 + 2 f4 + 2 su2+g2 + 8 su3; 7 e6 + 2 e7p + 2 f4 + 2 su2+g2 + 8 su3; 7 e6 + e7 + e7p + 2 f4 + 2 su2+g2 + 8 su3; 8 e6 + e7 + 2 f4 + 2 su2+g2 + 8 su3
40,8 e6 + f4 + 2 su2+g2 + 8 su3,8 e6+f5+8 su(3)+2(g2+su(2)),LST_exists_wrong_TH,41,T041/Ext2,139,8 e6 + e7 + 2 f4 + 2 su2+g2 + 8 su3
40,8 e6 + f4 + su2+g2 + 9 su3,8 e6+f5+9 su(3)+g2+su(2),LST_exists_wrong_TH,41,T041/Ext2,124,8 e6 + e7 + 2 f4 + su2+g2 + 9 su3; 9 e6 + e7 + f4 + su2+g2 + 9 su3; 9 e6 + e7p + f4 + su2+g2 + 9 su3
40,8 e6 + f4 + su2+so7+su2 + 9 su3,8 e6+f5+9 su(3)+so(7)+2 su(2),LST_missing,,T041/Ext2,136,8 e6 + e7 + 2 f4 + su2+so7+su2 + 9 su3; 9 e6 + e7 + f4 + su2+so7+su2 + 9 su3; 9 e6 + e7p + f4 + su2+so7+su2 + 9 su3
40,9 e6 + 10 su3,9 e6+10 su(3),LST_missing,,T041/Ext2; T041/Ext3,119,11 e6 + 10 su3; 11 e6 + 11 su3
41,8 e6 + f4 + su2+g2 + su2+so7+su2 + 8 su3,8 e6+f5+8 su(3)+g2+su(2)+so(7)+2 su(2),LST_exists_wrong_TH,42,T042/Ext2,114,8 e6 + 2 e7 + f4 + su2+g2 + su2+so7+su2 + 8 su3; 8 e6 + 2 e7p + f4 + su2+g2 + su2+so7+su2 + 8 su3; 8 e6 + e7 + e7p + f4 + su2+g2 + su2+so7+su2 + 8 su3; 9 e6 + e7 + f4 + su2+g2 + su2+so7+su2 + 8 su3
41,9 e6 + su2+g2 + su2+so7+su2 + 8 su3,9 e6+8 su(3)+g2+su(2)+so(7)+2 su(2),LST_missing,,T042/Ext2,120,9 e6 + e7 + f4 + su2+g2 + su2+so7+su2 + 8 su3
41,9 e6 + su2+so7+su2 + 9 su3,9 e6+9 su(3)+so(7)+2 su(2),LST_missing,,T042/Ext2,103,10 e6 + e7 + su2+so7+su2 + 9 su3; 10 e6 + e7p + su2+so7+su2 + 9 su3; 9 e6 + e7 + f4 + su2+so7+su2 + 9 su3
42,17 so8 + 2 su2+g2,17 so(8)+2(g2+su(2)),LST_missing,,T043/Ext2,142,2 e8 + 17 so8 + 2 su2+g2
42,9 e6 + 2 su2+so7+su2 + 8 su3,9 e6+8 su(3)+2(so(7)+2 su(2)),LST_missing,,T043/Ext2,146,10 e6 + e7 + 2 su2+so7+su2 + 8 su3; 9 e6 + 2 e7 + 2 su2+so7+su2 + 8 su3; 9 e6 + 2 e7p + 2 su2+so7+su2 + 8 su3; 9 e6 + e7 + e7p + 2 su2+so7+su2 + 8 su3
43,8 e6 + 2 f4 + su2+g2 + 10 su3,8 e6+2 f5+10 su(3)+g2+su(2),LST_exists_wrong_TH,44,T044/Ext2,118,9 e6 + e7 + 2 f4 + su2+g2 + 10 su3
44,3 e8 + 4 f4 + 2 so8 + 6 su2+g2 + 2 su3,3 e8+4 f5+2 so(8)+2 su(3)+6(g2+su(2)),LST_missing,,T045/Ext1,72,(none)
44,5 e7 + 2 e7p + 2 su2+g2 + 6 su2+so7+su2,5 e7+2 e7'+2(g2+su(2))+6(so(7)+2 su(2)),LST_missing,,T045/Ext2,131,5 e7 + 2 e7p + 2 f4 + 2 su2+g2 + 6 su2+so7+su2
44,8 e6 + 2 f4 + 2 su2+g2 + 9 su3,8 e6+2 f5+9 su(3)+2(g2+su(2)),LST_exists_wrong_TH,45,T045/Ext2,121,8 e6 + 2 e7 + 2 f4 + 2 su2+g2 + 9 su3; 8 e6 + e7 + e7p + 2 f4 + 2 su2+g2 + 9 su3
44,9 e6 + f4 + su2+g2 + 10 su3,9 e6+f5+10 su(3)+g2+su(2),LST_exists_wrong_TH,45,T045/Ext2,103,10 e6 + e7 + f4 + su2+g2 + 10 su3
44,9 e6 + f4 + su2+so7+su2 + 10 su3,9 e6+f5+10 su(3)+so(7)+2 su(2),LST_missing,,T045/Ext2,122,10 e6 + e7 + f4 + su2+so7+su2 + 10 su3
45,10 e6 + su2+so7+su2 + 10 su3,10 e6+10 su(3)+so(7)+2 su(2),LST_missing,,T046/Ext2,88,11 e6 + e7 + su2+so7+su2 + 10 su3
45,3 e8 + 5 f4 + so8 + 7 su2+g2 + su3,3 e8+5 f5+so(8)+su(3)+7(g2+su(2)),LST_missing,,T046/Ext1,50,(none)
45,6 e7 + e7p + 2 su2+g2 + 6 su2+so7+su2,6 e7+e7'+2(g2+su(2))+6(so(7)+2 su(2)),LST_missing,,T046/Ext2,"91, 111",6 e7 + e7p + 2 f4 + 2 su2+g2 + 6 su2+so7+su2
45,9 e6 + f4 + su2+g2 + su2+so7+su2 + 9 su3,9 e6+f5+9 su(3)+g2+su(2)+so(7)+2 su(2),LST_exists_wrong_TH,46,T046/Ext2,106,9 e6 + 2 e7 + f4 + su2+g2 + su2+so7+su2 + 9 su3; 9 e6 + e7 + e7p + f4 + su2+g2 + su2+so7+su2 + 9 su3
46,10 e6 + 2 su2+so7+su2 + 9 su3,10 e6+9 su(3)+2(so(7)+2 su(2)),LST_missing,,T047/Ext2,114,10 e6 + 2 e7 + 2 su2+so7+su2 + 9 su3; 10 e6 + e7 + e7p + 2 su2+so7+su2 + 9 su3
46,6 e7 + 2 f4 + 2 su2+g2 + 5 su2+so7+su2 + 2 su3,6 e7+2 f5+2 su(3)+2(g2+su(2))+5(so(7)+2 su(2)),LST_missing,,T047/Ext2,78,2 e6 + 6 e7 + 2 f4 + 2 su2+g2 + 5 su2+so7+su2 + 2 su3; e6 + 6 e7 + 3 f4 + 2 su2+g2 + 5 su2+so7+su2 + 2 su3
46,7 e7 + 2 su2+g2 + 6 su2+so7+su2,7 e7+2(g2+su(2))+6(so(7)+2 su(2)),LST_missing,,T047/Ext2,"86, 97, 121",7 e7 + 2 f4 + 2 su2+g2 + 6 su2+so7+su2
46,8 e6 + 2 f4 + 2 su2+g2 + 9 su3,8 e6+2 f5+9 su(3)+2(g2+su(2)),LST_exists_wrong_TH,45,T047/Ext2,110,8 e6 + 2 e8 + 2 f4 + 2 su2+g2 + 9 su3; 8 e6 + e7 + e8 + 2 f4 + 2 su2+g2 + 9 su3; 8 e6 + e7p + e8 + 2 f4 + 2 su2+g2 + 9 su3; 8 e6 + e8 + 3 f4 + 2 su2+g2 + 9 su3; 9 e6 + e8 + 2 f4 + 2 su2+g2 + 9 su3
47,e6 + 6 e7 + f4 + su2+g2 + 6 su2+so7+su2 + 2 su3,6 e7+e6+f5+2 su(3)+g2+su(2)+6(so(7)+2 su(2)),LST_missing,,T048/Ext2,111,2 e6 + 6 e7 + 2 f4 + su2+g2 + 6 su2+so7+su2 + 2 su3; 3 e6 + 6 e7 + f4 + su2+g2 + 6 su2+so7+su2 + 2 su3
48,2 e6 + 6 e7 + 7 su2+so7+su2 + 2 su3,6 e7+2 e6+2 su(3)+7(so(7)+2 su(2)),LST_missing,,T049/Ext2,124,3 e6 + 6 e7 + f4 + 7 su2+so7+su2 + 2 su3; 4 e6 + 6 e7 + 7 su2+so7+su2 + 2 su3
48,6 e7 + 2 f4 + 4 su2+g2 + 5 su2+so7+su2,6 e7+2 f5+4(g2+su(2))+5(so(7)+2 su(2)),LST_exists_wrong_TH,"49, 50",T049/Ext2,84,6 e7 + 2 e7p + 2 f4 + 4 su2+g2 + 5 su2+so7+su2; 7 e7 + 3 f4 + 4 su2+g2 + 5 su2+so7+su2; 7 e7 + e7p + 2 f4 + 4 su2+g2 + 5 su2+so7+su2; e6 + 6 e7 + e7p + 2 f4 + 4 su2+g2 + 5 su2+so7+su2; e6 + 7 e7 + 2 f4 + 4 su2+g2 + 5 su2+so7+su2
48,6 e7 + e7p + f4 + 2 su2+g2 + 6 su2+so7+su2 + su3,6 e7+e7'+f5+su(3)+2(g2+su(2))+6(so(7)+2 su(2)),LST_missing,,T049/Ext2,127,e6 + 6 e7 + e7p + 2 f4 + 2 su2+g2 + 6 su2+so7+su2 + su3
48,9 e6 + 2 f4 + 2 su2+g2 + 10 su3,9 e6+2 f5+10 su(3)+2(g2+su(2)),LST_missing,,T049/Ext2,118,9 e6 + 2 e7 + 2 f4 + 2 su2+g2 + 10 su3
49,10 e6 + f4 + su2+g2 + su2+so7+su2 + 10 su3,10 e6+f5+10 su(3)+g2+su(2)+so(7)+2 su(2),LST_missing,,T050/Ext2,102,10 e6 + 2 e7 + f4 + su2+g2 + su2+so7+su2 + 10 su3
49,7 e7 + f4 + 2 su2+g2 + 6 su2+so7+su2 + su3,7 e7+f5+su(3)+2(g2+su(2))+6(so(7)+2 su(2)),LST_missing,,T050/Ext2,"85, 110",e6 + 7 e7 + 2 f4 + 2 su2+g2 + 6 su2+so7+su2 + su3
49,9 e6 + 2 f4 + 2 su2+g2 + 10 su3,9 e6+2 f5+10 su(3)+2(g2+su(2)),LST_missing,,T050/Ext2,100,10 e6 + e8 + 2 f4 + 2 su2+g2 + 10 su3; 9 e6 + e7 + e8 + 2 f4 + 2 su2+g2 + 10 su3; 9 e6 + e7p + e8 + 2 f4 + 2 su2+g2 + 10 su3; 9 e6 + e8 + 3 f4 + 2 su2+g2 + 10 su3
49,e6 + 6 e7 + e7p + su2+g2 + 7 su2+so7+su2 + su3,6 e7+e7'+e6+su(3)+g2+su(2)+7(so(7)+2 su(2)),LST_missing,,T050/Ext2,105,2 e6 + 6 e7 + e7p + f4 + su2+g2 + 7 su2+so7+su2 + su3
50,10 e6 + f4 + so8 + su2+g2 + 11 su3,10 e6+f5+so(8)+11 su(3)+g2+su(2),LST_missing,,T051/Ext2,106,10 e6 + e8 + f4 + 2 so8 + su2+g2 + 11 su3
50,10 e6 + f4 + su2+g2 + su2+so7+su2 + 10 su3,10 e6+f5+10 su(3)+g2+su(2)+so(7)+2 su(2),LST_missing,,T051/Ext2,94,10 e6 + e7 + e8 + f4 + su2+g2 + su2+so7+su2 + 10 su3; 10 e6 + e7p + e8 + f4 + su2+g2 + su2+so7+su2 + 10 su3; 10 e6 + e8 + 2 f4 + su2+g2 + su2+so7+su2 + 10 su3; 11 e6 + e8 + f4 + su2+g2 + su2+so7+su2 + 10 su3
50,11 e6 + 2 su2+so7+su2 + 10 su3,11 e6+10 su(3)+2(so(7)+2 su(2)),LST_missing,,T051/Ext2,95,11 e6 + 2 e7 + 2 su2+so7+su2 + 10 su3
50,6 e7 + e7p + f4 + 2 su2+g2 + 7 su2+so7+su2,6 e7+e7'+f5+2(g2+su(2))+7(so(7)+2 su(2)),LST_exists_wrong_TH,51,T051/Ext2,96,6 e7 + 3 e7p + f4 + 2 su2+g2 + 7 su2+so7+su2; 7 e7 + 2 e7p + f4 + 2 su2+g2 + 7 su2+so7+su2; 7 e7 + e7p + 2 f4 + 2 su2+g2 + 7 su2+so7+su2; e6 + 6 e7 + 2 e7p + f4 + 2 su2+g2 + 7 su2+so7+su2; e6 + 7 e7 + e7p + f4 + 2 su2+g2 + 7 su2+so7+su2
50,9 e6 + 2 f4 + 2 su2+g2 + 10 su3,9 e6+2 f5+10 su(3)+2(g2+su(2)),LST_missing,,T051/Ext2,91,10 e6 + e8 + 2 f4 + 2 su2+g2 + 10 su3; 9 e6 + 2 e8 + 2 f4 + 2 su2+g2 + 10 su3; 9 e6 + e7 + e8 + 2 f4 + 2 su2+g2 + 10 su3; 9 e6 + e7p + e8 + 2 f4 + 2 su2+g2 + 10 su3
50,e6 + 7 e7 + su2+g2 + 7 su2+so7+su2 + su3,7 e7+e6+su(3)+g2+su(2)+7(so(7)+2 su(2)),LST_missing,,T051/Ext2,"78, 100",2 e6 + 7 e7 + f4 + su2+g2 + 7 su2+so7+su2 + su3
52,10 e6 + 2 f4 + su2+g2 + 12 su3,10 e6+2 f5+12 su(3)+g2+su(2),LST_missing,,T053/Ext2,87,10 e6 + e8 + 3 f4 + su2+g2 + 12 su3; 11 e6 + e8 + 2 f4 + su2+g2 + 12 su3
52,7 e7 + 2 f4 + 2 su2+g2 + 6 su2+so7+su2 + 2 su3,7 e7+2 f5+2 su(3)+2(g2+su(2))+6(so(7)+2 su(2)),LST_missing,,T053/Ext2,88,2 e6 + 7 e7 + 2 f4 + 2 su2+g2 + 6 su2+so7+su2 + 2 su3
53,10 e6 + 2 f4 + 2 su2+g2 + 11 su3,10 e6+2 f5+11 su(3)+2(g2+su(2)),LST_missing,,T054/Ext2,79,10 e6 + e7 + e8 + 2 f4 + 2 su2+g2 + 11 su3; 10 e6 + e7p + e8 + 2 f4 + 2 su2+g2 + 11 su3; 11 e6 + e8 + 2 f4 + 2 su2+g2 + 11 su3
53,11 e6 + f4 + 2 su2+g2 + 11 su3,11 e6+f5+11 su(3)+2(g2+su(2)),LST_missing,,T054/Ext2,85,11 e6 + e8 + 2 f4 + 2 su2+g2 + 11 su3
53,11 e6 + f4 + su2+g2 + 12 su3,11 e6+f5+12 su(3)+g2+su(2),LST_missing,,T054/Ext2,65,11 e6 + e8 + 2 f4 + su2+g2 + 12 su3; 12 e6 + e8 + f4 + su2+g2 + 12 su3
53,7 e7 + 2 f4 + 3 su2+g2 + 6 su2+so7+su2 + su3,7 e7+2 f5+su(3)+3(g2+su(2))+6(so(7)+2 su(2)),LST_exists_wrong_TH,54,T054/Ext2,81,8 e7 + 3 f4 + 3 su2+g2 + 6 su2+so7+su2 + su3; e6 + 7 e7 + e7p + 2 f4 + 3 su2+g2 + 6 su2+so7+su2 + su3; e6 + 8 e7 + 2 f4 + 3 su2+g2 + 6 su2+so7+su2 + su3
53,7 e7 + e7p + 9 su2+so7+su2,7 e7+e7'+9(so(7)+2 su(2)),LST_exists_wrong_TH,52,T054/Ext2,62,7 e7 + 3 e7p + 9 su2+so7+su2; 8 e7 + 2 e7p + 9 su2+so7+su2; 8 e7 + e7p + f4 + 9 su2+so7+su2; e6 + 7 e7 + 2 e7p + 9 su2+so7+su2; e6 + 8 e7 + e7p + 9 su2+so7+su2
53,e6 + 7 e7 + f4 + su2+g2 + 7 su2+so7+su2 + 2 su3,7 e7+e6+f5+2 su(3)+g2+su(2)+7(so(7)+2 su(2)),LST_missing,,T054/Ext2,83,3 e6 + 7 e7 + f4 + su2+g2 + 7 su2+so7+su2 + 2 su3
54,10 e6 + 2 f4 + 2 su2+g2 + 11 su3,10 e6+2 f5+11 su(3)+2(g2+su(2)),LST_missing,,T055/Ext2,73,10 e6 + 2 e8 + 2 f4 + 2 su2+g2 + 11 su3; 10 e6 + e7 + e8 + 2 f4 + 2 su2+g2 + 11 su3; 10 e6 + e7p + e8 + 2 f4 + 2 su2+g2 + 11 su3
54,11 e6 + f4 + su2+g2 + su2+so7+su2 + 11 su3,11 e6+f5+11 su(3)+g2+su(2)+so(7)+2 su(2),LST_missing,,T055/Ext2,76,11 e6 + e7 + e8 + f4 + su2+g2 + su2+so7+su2 + 11 su3; 11 e6 + e7p + e8 + f4 + su2+g2 + su2+so7+su2 + 11 su3; 12 e6 + e8 + f4 + su2+g2 + su2+so7+su2 + 11 su3
54,2 e6 + 7 e7 + 8 su2+so7+su2 + 2 su3,7 e7+2 e6+2 su(3)+8(so(7)+2 su(2)),LST_missing,,T055/Ext2,81,4 e6 + 7 e7 + 8 su2+so7+su2 + 2 su3
54,7 e7 + 2 f4 + 4 su2+g2 + 6 su2+so7+su2,7 e7+2 f5+4(g2+su(2))+6(so(7)+2 su(2)),LST_exists_wrong_TH,"55, 56",T055/Ext2,74,7 e7 + 2 e7p + 2 f4 + 4 su2+g2 + 6 su2+so7+su2; 8 e7 + e7p + 2 f4 + 4 su2+g2 + 6 su2+so7+su2; 9 e7 + 2 f4 + 4 su2+g2 + 6 su2+so7+su2; e6 + 8 e7 + 2 f4 + 4 su2+g2 + 6 su2+so7+su2
54,8 e7 + 9 su2+so7+su2,8 e7+9(so(7)+2 su(2)),LST_exists_wrong_TH,53,T055/Ext2,61,10 e7 + 9 su2+so7+su2; 8 e7 + 2 e7p + 9 su2+so7+su2; 9 e7 + e7p + 9 su2+so7+su2; e6 + 8 e7 + e7p + 9 su2+so7+su2; e6 + 9 e7 + 9 su2+so7+su2
54,e6 + 7 e7 + f4 + 2 su2+g2 + 7 su2+so7+su2 + su3,7 e7+e6+f5+su(3)+2(g2+su(2))+7(so(7)+2 su(2)),LST_exists_wrong_TH,55,T055/Ext2,80,2 e6 + 7 e7 + e7p + f4 + 2 su2+g2 + 7 su2+so7+su2 + su3; 2 e6 + 8 e7 + f4 + 2 su2+g2 + 7 su2+so7+su2 + su3; e6 + 8 e7 + 2 f4 + 2 su2+g2 + 7 su2+so7+su2 + su3
55,7 e7 + e7p + f4 + 3 su2+g2 + 7 su2+so7+su2,7 e7+e7'+f5+3(g2+su(2))+7(so(7)+2 su(2)),LST_exists_wrong_TH,56,T056/Ext2,70,8 e7 + e7p + 2 f4 + 3 su2+g2 + 7 su2+so7+su2
55,7 e7 + e7p + f4 + su2+g2 + 8 su2+so7+su2 + su3,7 e7+e7'+f5+su(3)+g2+su(2)+8(so(7)+2 su(2)),LST_missing,,T056/Ext2,65,8 e7 + e7p + 2 f4 + su2+g2 + 8 su2+so7+su2 + su3; e6 + 7 e7 + 2 e7p + f4 + su2+g2 + 8 su2+so7+su2 + su3; e6 + 8 e7 + e7p + f4 + su2+g2 + 8 su2+so7+su2 + su3
55,8 e7 + f4 + 2 su2+g2 + 7 su2+so7+su2,8 e7+f5+2(g2+su(2))+7(so(7)+2 su(2)),LST_exists_wrong_TH,56,T056/Ext2,"50, 59",(none)
55,8 e7 + f4 + 9 su2+so7+su2,8 e7+f5+9(so(7)+2 su(2)),LST_missing,,T056/Ext3,54,(none)
55,8 e7 + f4 + su2+g2 + 8 su2+so7+su2,8 e7+f5+g2+su(2)+8(so(7)+2 su(2)),LST_missing,,T056/Ext2; T056/Ext3,"49, 53",(none)
56,11 e6 + 2 f4 + su2+g2 + 13 su3,11 e6+2 f5+13 su(3)+g2+su(2),LST_missing,,T057/Ext2,77,12 e6 + e8 + 2 f4 + su2+g2 + 13 su3
56,4 e8 + 5 f4 + 2 so8 + 8 su2+g2 + 2 su3,4 e8+5 f5+2 so(8)+2 su(3)+8(g2+su(2)),LST_missing,,T057/Ext1,59,(none)
56,7 e7 + e7p + f4 + 2 su2+g2 + 8 su2+so7+su2,7 e7+e7'+f5+2(g2+su(2))+8(so(7)+2 su(2)),LST_exists_wrong_TH,57,T057/Ext2,76,7 e7 + 3 e7p + f4 + 2 su2+g2 + 8 su2+so7+su2; 8 e7 + 2 e7p + f4 + 2 su2+g2 + 8 su2+so7+su2; 9 e7 + e7p + f4 + 2 su2+g2 + 8 su2+so7+su2; e6 + 8 e7 + e7p + f4 + 2 su2+g2 + 8 su2+so7+su2
56,8 e7 + f4 + 2 su2+g2 + 8 su2+so7+su2,8 e7+f5+2(g2+su(2))+8(so(7)+2 su(2)),LST_exists_wrong_TH,"57, 58",T057/Ext2,62,(none)
56,8 e7 + f4 + 3 su2+g2 + 7 su2+so7+su2,8 e7+f5+3(g2+su(2))+7(so(7)+2 su(2)),LST_exists_wrong_TH,57,T057/Ext2,"67, 83",9 e7 + 2 f4 + 3 su2+g2 + 7 su2+so7+su2
56,8 e7 + f4 + su2+g2 + 8 su2+so7+su2 + su3,8 e7+f5+su(3)+g2+su(2)+8(so(7)+2 su(2)),LST_missing,,T057/Ext2,63,9 e7 + 2 f4 + su2+g2 + 8 su2+so7+su2 + su3; e6 + 8 e7 + e7p + f4 + su2+g2 + 8 su2+so7+su2 + su3; e6 + 9 e7 + f4 + su2+g2 + 8 su2+so7+su2 + su3
56,e6 + 7 e7 + e7p + 9 su2+so7+su2 + su3,7 e7+e7'+e6+su(3)+9(so(7)+2 su(2)),LST_missing,,T057/Ext2,79,2 e6 + 7 e7 + 2 e7p + 9 su2+so7+su2 + su3; 2 e6 + 8 e7 + e7p + 9 su2+so7+su2 + su3; e6 + 8 e7 + e7p + f4 + 9 su2+so7+su2 + su3
56,e6 + 8 e7 + 9 su2+so7+su2,8 e7+e6+9(so(7)+2 su(2)),LST_missing,,T057/Ext2; T057/Ext3,"60, 64",(none)
57,11 e6 + 2 f4 + 2 su2+g2 + 12 su3,11 e6+2 f5+12 su(3)+2(g2+su(2)),LST_missing,,T058/Ext2,75,11 e6 + e7 + e8 + 2 f4 + 2 su2+g2 + 12 su3; 11 e6 + e7p + e8 + 2 f4 + 2 su2+g2 + 12 su3
57,12 e6 + f4 + su2+g2 + 13 su3,12 e6+f5+13 su(3)+g2+su(2),LST_missing,,T058/Ext2,71,13 e6 + e8 + f4 + su2+g2 + 13 su3
57,4 e8 + 6 f4 + so8 + 9 su2+g2 + su3,4 e8+6 f5+so(8)+su(3)+9(g2+su(2)),LST_missing,,T058/Ext1,54,(none)
57,8 e7 + e7p + 9 su2+so7+su2,8 e7+e7'+9(so(7)+2 su(2)),LST_missing,,T058/Ext2,"64, 69",(none)
57,8 e7 + f4 + so8 + 3 su2+g2 + 7 su2+so7+su2,8 e7+f5+so(8)+3(g2+su(2))+7(so(7)+2 su(2)),LST_exists_wrong_TH,58,T058/Ext3,83,(none)
57,e6 + 8 e7 + 9 su2+so7+su2 + su3,8 e7+e6+su(3)+9(so(7)+2 su(2)),LST_missing,,T058/Ext2,68,2 e6 + 8 e7 + e7p + 9 su2+so7+su2 + su3; 2 e6 + 9 e7 + 9 su2+so7+su2 + su3; e6 + 9 e7 + f4 + 9 su2+so7+su2 + su3
58,11 e6 + 2 f4 + 2 su2+g2 + 12 su3,11 e6+2 f5+12 su(3)+2(g2+su(2)),LST_missing,,T059/Ext2,70,11 e6 + 2 e8 + 2 f4 + 2 su2+g2 + 12 su3; 11 e6 + e7 + e8 + 2 f4 + 2 su2+g2 + 12 su3
58,12 e6 + f4 + su2+g2 + su2+so7+su2 + 12 su3,12 e6+f5+12 su(3)+g2+su(2)+so(7)+2 su(2),LST_missing,,T059/Ext2,74,12 e6 + e7 + e8 + f4 + su2+g2 + su2+so7+su2 + 12 su3; 12 e6 + e7p + e8 + f4 + su2+g2 + su2+so7+su2 + 12 su3
58,8 e7 + e7p + su2+g2 + 9 su2+so7+su2,8 e7+e7'+g2+su(2)+9(so(7)+2 su(2)),LST_missing,,T059/Ext2,64,9 e7 + e7p + f4 + su2+g2 + 9 su2+so7+su2
58,9 e7 + 9 su2+so7+su2,9 e7+9(so(7)+2 su(2)),LST_missing,,T059/Ext2; T059/Ext3,"59, 60",(none)
59,8 e7 + 2 f4 + 3 su2+g2 + 7 su2+so7+su2 + su3,8 e7+2 f5+su(3)+3(g2+su(2))+7(so(7)+2 su(2)),LST_exists_wrong_TH,60,T060/Ext2,70,e6 + 9 e7 + 2 f4 + 3 su2+g2 + 7 su2+so7+su2 + su3
59,9 e7 + 10 su2+so7+su2,9 e7+10(so(7)+2 su(2)),LST_missing,,T060/Ext2,54,(none)
59,9 e7 + su2+g2 + 9 su2+so7+su2,9 e7+g2+su(2)+9(so(7)+2 su(2)),LST_missing,,T060/Ext2,"55, 59",10 e7 + f4 + su2+g2 + 9 su2+so7+su2
60,8 e7 + 2 f4 + 4 su2+g2 + 7 su2+so7+su2,8 e7+2 f5+4(g2+su(2))+7(so(7)+2 su(2)),LST_exists_wrong_TH,61,T061/Ext2,67,10 e7 + 2 f4 + 4 su2+g2 + 7 su2+so7+su2; 9 e7 + e7p + 2 f4 + 4 su2+g2 + 7 su2+so7+su2
60,9 e7 + 10 su2+so7+su2,9 e7+10(so(7)+2 su(2)),LST_missing,,T061/Ext2,56,10 e7 + e7p + 10 su2+so7+su2; 11 e7 + 10 su2+so7+su2; 9 e7 + 2 e7p + 10 su2+so7+su2; e6 + 10 e7 + 10 su2+so7+su2
60,9 e7 + so8 + su2+g2 + 9 su2+so7+su2,9 e7+so(8)+g2+su(2)+9(so(7)+2 su(2)),LST_missing,,T061/Ext3,58,(none)
60,e6 + 8 e7 + f4 + 2 su2+g2 + 8 su2+so7+su2 + su3,8 e7+e6+f5+su(3)+2(g2+su(2))+8(so(7)+2 su(2)),LST_exists_wrong_TH,61,T061/Ext2,72,2 e6 + 9 e7 + f4 + 2 su2+g2 + 8 su2+so7+su2 + su3
61,12 e6 + 2 f4 + 2 su2+g2 + 13 su3,12 e6+2 f5+13 su(3)+2(g2+su(2)),LST_missing,,T062/Ext2,70,12 e6 + e7 + e8 + 2 f4 + 2 su2+g2 + 13 su3
62,12 e6 + 2 f4 + 2 su2+g2 + 13 su3,12 e6+2 f5+13 su(3)+2(g2+su(2)),LST_missing,,T063/Ext2,67,12 e6 + 2 e8 + 2 f4 + 2 su2+g2 + 13 su3
62,13 e6 + f4 + su2+g2 + su2+so7+su2 + 13 su3,13 e6+f5+13 su(3)+g2+su(2)+so(7)+2 su(2),LST_missing,,T063/Ext2,70,13 e6 + e7 + e8 + f4 + su2+g2 + su2+so7+su2 + 13 su3
62,8 e7 + 2 f4 + 4 su2+g2 + 7 su2+so7+su2,8 e7+2 f5+4(g2+su(2))+7(so(7)+2 su(2)),LST_exists_wrong_TH,61,T063/Ext2,68,8 e7 + 2 e8 + 2 f4 + 4 su2+g2 + 7 su2+so7+su2; 8 e7 + e7p + e8 + 2 f4 + 4 su2+g2 + 7 su2+so7+su2; 8 e7 + e8 + 3 f4 + 4 su2+g2 + 7 su2+so7+su2; 9 e7 + e8 + 2 f4 + 4 su2+g2 + 7 su2+so7+su2; e6 + 8 e7 + e8 + 2 f4 + 4 su2+g2 + 7 su2+so7+su2
62,8 e7 + e7p + f4 + 2 su2+g2 + 9 su2+so7+su2,8 e7+e7'+f5+2(g2+su(2))+9(so(7)+2 su(2)),LST_exists_wrong_TH,63,T063/Ext2,71,10 e7 + e7p + f4 + 2 su2+g2 + 9 su2+so7+su2; 9 e7 + 2 e7p + f4 + 2 su2+g2 + 9 su2+so7+su2
62,9 e7 + f4 + su2+g2 + 9 su2+so7+su2 + su3,9 e7+f5+su(3)+g2+su(2)+9(so(7)+2 su(2)),LST_missing,,T063/Ext2,61,e6 + 10 e7 + f4 + su2+g2 + 9 su2+so7+su2 + su3
63,e6 + 9 e7 + 10 su2+so7+su2 + su3,9 e7+e6+su(3)+10(so(7)+2 su(2)),LST_missing,,T064/Ext2,59,2 e6 + 10 e7 + 10 su2+so7+su2 + su3
64,5 e8 + 4 f4 + 2 so8 + 10 su2+g2 + 2 su3,5 e8+4 f5+2 so(8)+2 su(3)+10(g2+su(2)),LST_missing,,T065/Ext2,67,(none)
64,5 e8 + 5 f4 + 10 su2+g2 + 2 su3,5 e8+5 f5+2 su(3)+10(g2+su(2)),LST_exists_wrong_TH,65,T065/Ext2; T065/Ext3,7,(none)
64,5 e8 + 5 f4 + 11 su2+g2 + su3,5 e8+5 f5+su(3)+11(g2+su(2)),LST_exists_wrong_TH,"65, 66, 67",T065/Ext2; T065/Ext3,"11, 16",(none)
64,5 e8 + 5 f4 + 12 su2+g2,5 e8+5 f5+12(g2+su(2)),LST_exists_wrong_TH,"66, 67",T065/Ext2,17,(none)
65,5 e8 + 5 f4 + so8 + 10 su2+g2 + 2 su3,5 e8+5 f5+so(8)+2 su(3)+10(g2+su(2)),LST_exists_wrong_TH,66,T066/Ext1; T066/Ext2; T066/Ext3,"21, 27",(none)
65,5 e8 + 5 f4 + so8 + 11 su2+g2 + su3,5 e8+5 f5+so(8)+su(3)+11(g2+su(2)),LST_exists_wrong_TH,"67, 68",T066/Ext1; T066/Ext2,"33, 34",(none)
66,10 e7 + 11 su2+so7+su2,10 e7+11(so(7)+2 su(2)),LST_missing,,T067/Ext2,47,11 e7 + e7p + 11 su2+so7+su2; 12 e7 + 11 su2+so7+su2
66,13 e6 + 2 f4 + 2 su2+g2 + 14 su3,13 e6+2 f5+14 su(3)+2(g2+su(2)),LST_missing,,T067/Ext2,55,13 e6 + 2 e8 + 2 f4 + 2 su2+g2 + 14 su3
66,5 e8 + 5 f4 + 2 so8 + 10 su2+g2 + 2 su3,5 e8+5 f5+2 so(8)+2 su(3)+10(g2+su(2)),LST_missing,,T067/Ext2,66,(none)
66,5 e8 + 6 f4 + 10 su2+g2 + 2 su3,5 e8+6 f5+2 su(3)+10(g2+su(2)),LST_exists_wrong_TH,"67, 68",T067/Ext2; T067/Ext3; T067/Ext4,19,(none)
66,5 e8 + 6 f4 + 11 su2+g2 + su3,5 e8+6 f5+su(3)+11(g2+su(2)),LST_exists_wrong_TH,"67, 68, 69, 70",T067/Ext2; T067/Ext3,"15, 21",(none)
66,9 e7 + 2 f4 + 4 su2+g2 + 8 su2+so7+su2,9 e7+2 f5+4(g2+su(2))+8(so(7)+2 su(2)),LST_missing,,T067/Ext2,56,11 e7 + 2 f4 + 4 su2+g2 + 8 su2+so7+su2
67,5 e8 + 6 f4 + so8 + 10 su2+g2 + 2 su3,5 e8+6 f5+so(8)+2 su(3)+10(g2+su(2)),LST_exists_wrong_TH,68,T068/Ext2,44,(none)
67,9 e7 + 2 f4 + 4 su2+g2 + 8 su2+so7+su2,9 e7+2 f5+4(g2+su(2))+8(so(7)+2 su(2)),LST_missing,,T068/Ext2,52,10 e7 + e8 + 2 f4 + 4 su2+g2 + 8 su2+so7+su2; 9 e7 + e7p + e8 + 2 f4 + 4 su2+g2 + 8 su2+so7+su2; 9 e7 + e8 + 3 f4 + 4 su2+g2 + 8 su2+so7+su2; e6 + 9 e7 + e8 + 2 f4 + 4 su2+g2 + 8 su2+so7+su2
67,e6 + 5 e8 + 5 f4 + 10 su2+g2 + 2 su3,5 e8+e6+5 f5+2 su(3)+10(g2+su(2)),LST_exists_wrong_TH,68,T068/Ext2; T068/Ext3,"20, 33",(none)
67,e6 + 5 e8 + 5 f4 + 11 su2+g2 + su3,5 e8+e6+5 f5+su(3)+11(g2+su(2)),LST_missing,,T068/Ext2; T068/Ext3,"27, 34, 41",(none)
67,e6 + 5 e8 + 5 f4 + 12 su2+g2,5 e8+e6+5 f5+12(g2+su(2)),LST_missing,,T068/Ext2,39,(none)
68,9 e7 + 2 f4 + 4 su2+g2 + 8 su2+so7+su2,9 e7+2 f5+4(g2+su(2))+8(so(7)+2 su(2)),LST_missing,,T069/Ext2,64,10 e7 + e8 + 2 f4 + 4 su2+g2 + 8 su2+so7+su2; 9 e7 + 2 e8 + 2 f4 + 4 su2+g2 + 8 su2+so7+su2; 9 e7 + e7p + e8 + 2 f4 + 4 su2+g2 + 8 su2+so7+su2; e6 + 9 e7 + e8 + 2 f4 + 4 su2+g2 + 8 su2+so7+su2
68,e6 + 5 e8 + 5 f4 + so8 + 10 su2+g2 + 2 su3,5 e8+e6+5 f5+so(8)+2 su(3)+10(g2+su(2)),LST_exists_wrong_TH,69,T069/Ext2; T069/Ext3,"62, 73",(none)
68,e6 + 5 e8 + 5 f4 + so8 + 11 su2+g2 + su3,5 e8+e6+5 f5+so(8)+su(3)+11(g2+su(2)),LST_missing,,T069/Ext2,72,(none)
68,e7p + 5 e8 + 5 f4 + 11 su2+g2 + su3,5 e8+e7'+5 f5+su(3)+11(g2+su(2)),LST_missing,,T069/Ext2; T069/Ext3,45,(none)
69,10 e7 + f4 + 3 su2+g2 + 9 su2+so7+su2,10 e7+f5+3(g2+su(2))+9(so(7)+2 su(2)),LST_missing,,T070/Ext2,"54, 64",10 e7 + e8 + 2 f4 + 3 su2+g2 + 9 su2+so7+su2; 10 e7 + e8 + f4 + so8 + 3 su2+g2 + 9 su2+so7+su2
69,9 e7 + e7p + f4 + 2 su2+g2 + 10 su2+so7+su2,9 e7+e7'+f5+2(g2+su(2))+10(so(7)+2 su(2)),LST_missing,,T070/Ext2,62,10 e7 + e7p + e8 + f4 + 2 su2+g2 + 10 su2+so7+su2; 9 e7 + 2 e7p + e8 + f4 + 2 su2+g2 + 10 su2+so7+su2; 9 e7 + e7p + e8 + 2 f4 + 2 su2+g2 + 10 su2+so7+su2; e6 + 9 e7 + e7p + e8 + f4 + 2 su2+g2 + 10 su2+so7+su2
69,e7 + 5 e8 + 5 f4 + 11 su2+g2 + su3,5 e8+e7+5 f5+su(3)+11(g2+su(2)),LST_missing,,T070/Ext2; T070/Ext3,"14, 36, 37",(none)
69,e7 + 5 e8 + 5 f4 + 12 su2+g2,5 e8+e7+5 f5+12(g2+su(2)),LST_exists_wrong_TH,70,T070/Ext2,"34, 43, 44",(none)
69,e7p + 5 e8 + 5 f4 + so8 + 11 su2+g2 + su3,5 e8+e7'+5 f5+so(8)+su(3)+11(g2+su(2)),LST_missing,,T070/Ext2,71,(none)
70,10 e7 + f4 + 2 su2+g2 + 10 su2+so7+su2,10 e7+f5+2(g2+su(2))+10(so(7)+2 su(2)),LST_exists_wrong_TH,69,T071/Ext2,42,10 e7 + e7p + e8 + f4 + 2 su2+g2 + 10 su2+so7+su2; 10 e7 + e8 + 2 f4 + 2 su2+g2 + 10 su2+so7+su2; 11 e7 + e8 + f4 + 2 su2+g2 + 10 su2+so7+su2; e6 + 10 e7 + e8 + f4 + 2 su2+g2 + 10 su2+so7+su2
70,10 e7 + f4 + so8 + 3 su2+g2 + 9 su2+so7+su2,10 e7+f5+so(8)+3(g2+su(2))+9(so(7)+2 su(2)),LST_missing,,T071/Ext2,56,10 e7 + e8 + f4 + 2 so8 + 3 su2+g2 + 9 su2+so7+su2
70,14 e6 + 2 f4 + 2 su2+g2 + 15 su3,14 e6+2 f5+15 su(3)+2(g2+su(2)),LST_missing,,T071/Ext2,51,14 e6 + 2 e8 + 2 f4 + 2 su2+g2 + 15 su3
71,10 e7 + 2 f4 + 2 su2+g2 + 10 su2+so7+su2,10 e7+2 f5+2(g2+su(2))+10(so(7)+2 su(2)),LST_missing,,T072/Ext2; T072/Ext3,49,(none)
71,10 e7 + 2 f4 + 3 su2+g2 + 9 su2+so7+su2,10 e7+2 f5+3(g2+su(2))+9(so(7)+2 su(2)),LST_missing,,T072/Ext2; T072/Ext3,"43, 48",(none)
72,10 e7 + 2 f4 + 3 su2+g2 + 9 su2+so7+su2 + su3,10 e7+2 f5+su(3)+3(g2+su(2))+9(so(7)+2 su(2)),LST_missing,,T073/Ext2,50,10 e7 + e8 + 3 f4 + 3 su2+g2 + 9 su2+so7+su2 + su3; e6 + 10 e7 + e8 + 2 f4 + 3 su2+g2 + 9 su2+so7+su2 + su3
72,11 e7 + 12 su2+so7+su2,11 e7+12(so(7)+2 su(2)),LST_missing,,T073/Ext2,39,13 e7 + 12 su2+so7+su2
72,e6 + 10 e7 + f4 + 2 su2+g2 + 10 su2+so7+su2,10 e7+e6+f5+2(g2+su(2))+10(so(7)+2 su(2)),LST_missing,,T073/Ext2; T073/Ext3,"42, 57",(none)
73,10 e7 + 2 f4 + 4 su2+g2 + 9 su2+so7+su2,10 e7+2 f5+4(g2+su(2))+9(so(7)+2 su(2)),LST_missing,,T074/Ext2,49,10 e7 + e7p + e8 + 2 f4 + 4 su2+g2 + 9 su2+so7+su2; 11 e7 + e8 + 2 f4 + 4 su2+g2 + 9 su2+so7+su2; e6 + 10 e7 + e8 + 2 f4 + 4 su2+g2 + 9 su2+so7+su2
73,6 e8 + 5 f4 + 11 su2+g2 + su3,6 e8+5 f5+su(3)+11(g2+su(2)),LST_exists_wrong_TH,69,T074/Ext3,6,(none)
73,6 e8 + 5 f4 + 12 su2+g2,6 e8+5 f5+12(g2+su(2)),LST_exists_wrong_TH,74,T074/Ext2,8,(none)
73,e6 + 10 e7 + f4 + 2 su2+g2 + 10 su2+so7+su2 + su3,10 e7+e6+f5+su(3)+2(g2+su(2))+10(so(7)+2 su(2)),LST_missing,,T074/Ext2,50,2 e6 + 10 e7 + e8 + f4 + 2 su2+g2 + 10 su2+so7+su2 + su3; e6 + 10 e7 + e8 + 2 f4 + 2 su2+g2 + 10 su2+so7+su2 + su3
74,10 e7 + 2 f4 + 4 su2+g2 + 9 su2+so7+su2,10 e7+2 f5+4(g2+su(2))+9(so(7)+2 su(2)),LST_missing,,T075/Ext2,44,10 e7 + 2 e8 + 2 f4 + 4 su2+g2 + 9 su2+so7+su2; 10 e7 + e7p + e8 + 2 f4 + 4 su2+g2 + 9 su2+so7+su2; 11 e7 + e8 + 2 f4 + 4 su2+g2 + 9 su2+so7+su2
74,10 e7 + e7p + f4 + 3 su2+g2 + 10 su2+so7+su2,10 e7+e7'+f5+3(g2+su(2))+10(so(7)+2 su(2)),LST_missing,,T075/Ext2,48,10 e7 + e7p + e8 + 2 f4 + 3 su2+g2 + 10 su2+so7+su2
74,11 e7 + f4 + 2 su2+g2 + 10 su2+so7+su2,11 e7+f5+2(g2+su(2))+10(so(7)+2 su(2)),LST_missing,,T075/Ext2; T075/Ext3,23,(none)
74,15 e6 + 2 f4 + 2 su2+g2 + 16 su3,15 e6+2 f5+16 su(3)+2(g2+su(2)),LST_missing,,T075/Ext2,43,15 e6 + 2 e8 + 2 f4 + 2 su2+g2 + 16 su3
74,6 e8 + 5 f4 + so8 + 11 su2+g2 + su3,6 e8+5 f5+so(8)+su(3)+11(g2+su(2)),LST_missing,,T075/Ext3,19,(none)
75,10 e7 + e7p + f4 + 2 su2+g2 + 11 su2+so7+su2,10 e7+e7'+f5+2(g2+su(2))+11(so(7)+2 su(2)),LST_missing,,T076/Ext2,47,10 e7 + 2 e7p + e8 + f4 + 2 su2+g2 + 11 su2+so7+su2; 11 e7 + e7p + e8 + f4 + 2 su2+g2 + 11 su2+so7+su2; e6 + 10 e7 + e7p + e8 + f4 + 2 su2+g2 + 11 su2+so7+su2
75,11 e7 + f4 + 3 su2+g2 + 10 su2+so7+su2,11 e7+f5+3(g2+su(2))+10(so(7)+2 su(2)),LST_missing,,T076/Ext2,"31, 50",11 e7 + e8 + 2 f4 + 3 su2+g2 + 10 su2+so7+su2
76,11 e7 + f4 + 2 su2+g2 + 11 su2+so7+su2,11 e7+f5+2(g2+su(2))+11(so(7)+2 su(2)),LST_missing,,T077/Ext2,25,11 e7 + e7p + e8 + f4 + 2 su2+g2 + 11 su2+so7+su2; 12 e7 + e8 + f4 + 2 su2+g2 + 11 su2+so7+su2; e6 + 11 e7 + e8 + f4 + 2 su2+g2 + 11 su2+so7+su2
76,e7 + e7p + 5 e8 + 6 f4 + 13 su2+g2,5 e8+e7+e7'+6 f5+13(g2+su(2)),LST_missing,,T077/Ext2,40,(none)
77,2 e7 + 5 e8 + 6 f4 + 13 su2+g2,5 e8+2 e7+6 f5+13(g2+su(2)),LST_missing,,T078/Ext2,"28, 35, 36",(none)
77,6 e8 + 5 f4 + 3 so8 + 12 su2+g2,6 e8+5 f5+3 so(8)+12(g2+su(2)),LST_missing,,T078/Ext2,23,(none)
78,11 e7 + 2 f4 + 3 su2+g2 + 10 su2+so7+su2 + su3,11 e7+2 f5+su(3)+3(g2+su(2))+10(so(7)+2 su(2)),LST_missing,,T079/Ext2,50,e6 + 11 e7 + e8 + 2 f4 + 3 su2+g2 + 10 su2+so7+su2 + su3
78,2 e7 + 5 e8 + 6 f4 + 14 su2+g2,5 e8+2 e7+6 f5+14(g2+su(2)),LST_missing,,T079/Ext2,52,2 e7 + 5 e8 + 8 f4 + 14 su2+g2
78,6 e8 + 5 f4 + 4 so8 + 12 su2+g2,6 e8+5 f5+4 so(8)+12(g2+su(2)),LST_missing,,T079/Ext2,53,(none)
79,11 e7 + 2 f4 + 4 su2+g2 + 10 su2+so7+su2,11 e7+2 f5+4(g2+su(2))+10(so(7)+2 su(2)),LST_missing,,T080/Ext2,44,11 e7 + e7p + e8 + 2 f4 + 4 su2+g2 + 10 su2+so7+su2; 12 e7 + e8 + 2 f4 + 4 su2+g2 + 10 su2+so7+su2
79,6 e8 + 7 f4 + 12 su2+g2 + su3,6 e8+7 f5+su(3)+12(g2+su(2)),LST_exists_wrong_TH,78,T080/Ext2; T080/Ext3,"2, 4",(none)
79,e6 + 11 e7 + f4 + 2 su2+g2 + 11 su2+so7+su2 + su3,11 e7+e6+f5+su(3)+2(g2+su(2))+11(so(7)+2 su(2)),LST_missing,,T080/Ext2,45,2 e6 + 11 e7 + e8 + f4 + 2 su2+g2 + 11 su2+so7+su2 + su3
79,e6 + 6 e8 + 6 f4 + 12 su2+g2 + su3,6 e8+e6+6 f5+su(3)+12(g2+su(2)),LST_missing,,T080/Ext2; T080/Ext3,"11, 18",(none)
80,11 e7 + 2 f4 + 4 su2+g2 + 10 su2+so7+su2,11 e7+2 f5+4(g2+su(2))+10(so(7)+2 su(2)),LST_missing,,T081/Ext2,51,11 e7 + 2 e8 + 2 f4 + 4 su2+g2 + 10 su2+so7+su2; 12 e7 + e8 + 2 f4 + 4 su2+g2 + 10 su2+so7+su2
80,6 e8 + 7 f4 + 12 su2+g2 + 2 su3,6 e8+7 f5+2 su(3)+12(g2+su(2)),LST_exists_wrong_TH,79,T081/Ext2,4,2 e6 + 6 e8 + 7 f4 + 12 su2+g2 + 2 su3; e6 + 6 e8 + 8 f4 + 12 su2+g2 + 2 su3
80,e7p + 6 e8 + 6 f4 + 13 su2+g2,6 e8+e7'+6 f5+13(g2+su(2)),LST_missing,,T081/Ext2,26,(none)
81,11 e7 + e7p + f4 + 2 su2+g2 + 12 su2+so7+su2,11 e7+e7'+f5+2(g2+su(2))+12(so(7)+2 su(2)),LST_missing,,T082/Ext2,47,11 e7 + 2 e7p + e8 + f4 + 2 su2+g2 + 12 su2+so7+su2; 12 e7 + e7p + e8 + f4 + 2 su2+g2 + 12 su2+so7+su2
81,e7 + 6 e8 + 6 f4 + 13 su2+g2,6 e8+e7+6 f5+13(g2+su(2)),LST_exists_wrong_TH,75,T082/Ext2; T082/Ext3,"8, 12, 14, 15",(none)
82,12 e7 + f4 + 2 su2+g2 + 12 su2+so7+su2,12 e7+f5+2(g2+su(2))+12(so(7)+2 su(2)),LST_missing,,T083/Ext2,25,12 e7 + e7p + e8 + f4 + 2 su2+g2 + 12 su2+so7+su2; 13 e7 + e8 + f4 + 2 su2+g2 + 12 su2+so7+su2
82,6 e8 + 7 f4 + 14 su2+g2,6 e8+7 f5+14(g2+su(2)),LST_exists_wrong_TH,"80, 81, 83, 84",T083/Ext2,1,2 e7 + 6 e8 + 7 f4 + 14 su2+g2; 2 e7p + 6 e8 + 7 f4 + 14 su2+g2; e6 + e7 + 6 e8 + 7 f4 + 14 su2+g2; e6 + e7p + 6 e8 + 7 f4 + 14 su2+g2; e7 + 6 e8 + 8 f4 + 14 su2+g2
82,e6 + 6 e8 + 7 f4 + 12 su2+g2 + 2 su3,6 e8+e6+7 f5+2 su(3)+12(g2+su(2)),LST_missing,,T083/Ext2; T083/Ext3,"15, 18, 26, 36",(none)
82,e6 + 6 e8 + 7 f4 + 13 su2+g2 + su3,6 e8+e6+7 f5+su(3)+13(g2+su(2)),LST_exists_wrong_TH,"83, 84",T083/Ext2,"27, 28",(none)
82,e7 + 6 e8 + 6 f4 + 14 su2+g2,6 e8+e7+6 f5+14(g2+su(2)),LST_missing,,T083/Ext2,12,e7 + 6 e8 + 8 f4 + 14 su2+g2
83,e6 + 6 e8 + 7 f4 + 12 su2+g2 + 3 su3,6 e8+e6+7 f5+3 su(3)+12(g2+su(2)),LST_exists_wrong_TH,82,T084/Ext2,21,2 e6 + 6 e8 + 8 f4 + 12 su2+g2 + 3 su3; 3 e6 + 6 e8 + 7 f4 + 12 su2+g2 + 3 su3
83,e7 + 6 e8 + 6 f4 + so8 + 14 su2+g2,6 e8+e7+6 f5+so(8)+14(g2+su(2)),LST_missing,,T084/Ext2,24,(none)
83,e7p + 6 e8 + 7 f4 + 13 su2+g2 + su3,6 e8+e7'+7 f5+su(3)+13(g2+su(2)),LST_missing,,T084/Ext2,22,(none)
84,e7 + 6 e8 + 6 f4 + 2 so8 + 14 su2+g2,6 e8+e7+6 f5+2 so(8)+14(g2+su(2)),LST_missing,,T085/Ext2,45,(none)
84,e7 + 6 e8 + 7 f4 + 13 su2+g2 + su3,6 e8+e7+7 f5+su(3)+13(g2+su(2)),LST_missing,,T085/Ext2,"8, 23, 24",(none)
85,12 e7 + 2 f4 + 4 su2+g2 + 11 su2+so7+su2,12 e7+2 f5+4(g2+su(2))+11(so(7)+2 su(2)),LST_missing,,T086/Ext2,40,13 e7 + e8 + 2 f4 + 4 su2+g2 + 11 su2+so7+su2
85,2 e6 + 6 e8 + 7 f4 + 12 su2+g2 + 3 su3,6 e8+2 e6+7 f5+3 su(3)+12(g2+su(2)),LST_missing,,T086/Ext2; T086/Ext3,"24, 43",(none)
85,2 e6 + 6 e8 + 7 f4 + 13 su2+g2 + 2 su3,6 e8+2 e6+7 f5+2 su(3)+13(g2+su(2)),LST_missing,,T086/Ext2,"44, 47",(none)
85,7 e8 + 6 f4 + 13 su2+g2,7 e8+6 f5+13(g2+su(2)),LST_exists_wrong_TH,"79, 80",T086/Ext2; T086/Ext3,4,(none)
85,e7 + 6 e8 + 7 f4 + 14 su2+g2 + su3,6 e8+e7+7 f5+su(3)+14(g2+su(2)),LST_missing,,T086/Ext2,21,e6 + e7 + 6 e8 + 8 f4 + 14 su2+g2 + su3
86,12 e7 + 2 f4 + 4 su2+g2 + 11 su2+so7+su2,12 e7+2 f5+4(g2+su(2))+11(so(7)+2 su(2)),LST_missing,,T087/Ext2,39,12 e7 + 2 e8 + 2 f4 + 4 su2+g2 + 11 su2+so7+su2
86,2 e6 + 6 e8 + 7 f4 + 12 su2+g2 + 4 su3,6 e8+2 e6+7 f5+4 su(3)+12(g2+su(2)),LST_missing,,T087/Ext2,42,3 e6 + 6 e8 + 8 f4 + 12 su2+g2 + 4 su3; 4 e6 + 6 e8 + 7 f4 + 12 su2+g2 + 4 su3
86,7 e8 + 6 f4 + 14 su2+g2,7 e8+6 f5+14(g2+su(2)),LST_missing,,T087/Ext2,1,7 e8 + 8 f4 + 14 su2+g2
86,e6 + e7p + 6 e8 + 7 f4 + 13 su2+g2 + 2 su3,6 e8+e7'+e6+7 f5+2 su(3)+13(g2+su(2)),LST_missing,,T087/Ext2,51,(none)
87,7 e8 + 6 f4 + so8 + 14 su2+g2,7 e8+6 f5+so(8)+14(g2+su(2)),LST_missing,,T088/Ext2,9,(none)
87,e6 + e7 + 6 e8 + 7 f4 + 13 su2+g2 + 2 su3,6 e8+e7+e6+7 f5+2 su(3)+13(g2+su(2)),LST_missing,,T088/Ext2,"33, 49, 50",(none)
87,e7 + 6 e8 + 7 f4 + 14 su2+g2 + su2+so7+su2,6 e8+e7+7 f5+14(g2+su(2))+so(7)+2 su(2),LST_exists_wrong_TH,"85, 88",T088/Ext2,23,2 e7 + 6 e8 + 8 f4 + 14 su2+g2 + su2+so7+su2; 2 e7 + e7p + 6 e8 + 7 f4 + 14 su2+g2 + su2+so7+su2; 3 e7 + 6 e8 + 7 f4 + 14 su2+g2 + su2+so7+su2; e6 + 2 e7 + 6 e8 + 7 f4 + 14 su2+g2 + su2+so7+su2; e7 + 2 e7p + 6 e8 + 7 f4 + 14 su2+g2 + su2+so7+su2
88,13 e7 + f4 + 2 su2+g2 + 13 su2+so7+su2,13 e7+f5+2(g2+su(2))+13(so(7)+2 su(2)),LST_missing,,T089/Ext2,21,14 e7 + e8 + f4 + 2 su2+g2 + 13 su2+so7+su2
88,7 e8 + 6 f4 + 2 so8 + 14 su2+g2,7 e8+6 f5+2 so(8)+14(g2+su(2)),LST_missing,,T089/Ext2,12,7 e8 + 7 f4 + 3 so8 + 14 su2+g2
88,7 e8 + 7 f4 + 13 su2+g2 + su3,7 e8+7 f5+su(3)+13(g2+su(2)),LST_exists_wrong_TH,83,T089/Ext2,5,e6 + 7 e8 + 7 f4 + 14 su2+g2 + su3
88,e6 + e7 + 6 e8 + 7 f4 + 14 su2+g2 + 2 su3,6 e8+e7+e6+7 f5+2 su(3)+14(g2+su(2)),LST_missing,,T089/Ext2,37,2 e6 + e7 + 6 e8 + 8 f4 + 14 su2+g2 + 2 su3; e6 + e7 + 6 e8 + 9 f4 + 14 su2+g2 + 2 su3
89,7 e8 + 7 f4 + 14 su2+g2 + su3,7 e8+7 f5+su(3)+14(g2+su(2)),LST_missing,,T090/Ext2,4,7 e8 + 9 f4 + 14 su2+g2 + su3; e6 + 7 e8 + 7 f4 + so8 + 14 su2+g2 + su3; e6 + 7 e8 + 8 f4 + 14 su2+g2 + su3
90,7 e8 + 7 f4 + so8 + 14 su2+g2 + su3,7 e8+7 f5+so(8)+su(3)+14(g2+su(2)),LST_missing,,T091/Ext2,17,e6 + 7 e8 + 7 f4 + 2 so8 + 14 su2+g2 + su3
91,7 e8 + 7 f4 + 2 so8 + 14 su2+g2 + su3,7 e8+7 f5+2 so(8)+su(3)+14(g2+su(2)),LST_missing,,T092/Ext2,25,e6 + 7 e8 + 7 f4 + 3 so8 + 14 su2+g2 + su3
91,e6 + 7 e8 + 7 f4 + 13 su2+g2 + 2 su3,7 e8+e6+7 f5+2 su(3)+13(g2+su(2)),LST_missing,,T092/Ext2,8,2 e6 + 7 e8 + 7 f4 + 14 su2+g2 + 2 su3
92,13 e7 + 2 f4 + 4 su2+g2 + 12 su2+so7+su2,13 e7+2 f5+4(g2+su(2))+12(so(7)+2 su(2)),LST_missing,,T093/Ext2,45,13 e7 + 2 e8 + 2 f4 + 4 su2+g2 + 12 su2+so7+su2
92,2 e7 + 6 e8 + 7 f4 + 14 su2+g2 + 2 su2+so7+su2,6 e8+2 e7+7 f5+14(g2+su(2))+2(so(7)+2 su(2)),LST_missing,,T093/Ext2,46,2 e7 + 2 e7p + 6 e8 + 7 f4 + 14 su2+g2 + 2 su2+so7+su2; 3 e7 + 6 e8 + 7 f4 + so8 + 14 su2+g2 + 2 su2+so7+su2; 3 e7 + 6 e8 + 8 f4 + 14 su2+g2 + 2 su2+so7+su2; e6 + 2 e7 + e7p + 6 e8 + 7 f4 + 14 su2+g2 + 2 su2+so7+su2; e6 + 3 e7 + 6 e8 + 7 f4 + 14 su2+g2 + 2 su2+so7+su2
92,7 e8 + 8 f4 + 14 su2+g2 + 2 su3,7 e8+8 f5+2 su(3)+14(g2+su(2)),LST_missing,,T093/Ext2,14,2 e6 + 7 e8 + 8 f4 + 14 su2+g2 + 2 su3; e6 + 7 e8 + 9 f4 + 14 su2+g2 + 2 su3
92,7 e8 + 8 f4 + 15 su2+g2,7 e8+8 f5+15(g2+su(2)),LST_exists_wrong_TH,93,T093/Ext2,"8, 13",e7 + 7 e8 + 8 f4 + 15 su2+g2 + su3; e7 + 7 e8 + 8 f4 + 16 su2+g2
92,e6 + 7 e8 + 7 f4 + 14 su2+g2 + 2 su3,7 e8+e6+7 f5+2 su(3)+14(g2+su(2)),LST_missing,,T093/Ext2,15,2 e6 + 7 e8 + 7 f4 + so8 + 14 su2+g2 + 2 su3; 2 e6 + 7 e8 + 8 f4 + 14 su2+g2 + 2 su3; e6 + 7 e8 + 9 f4 + 14 su2+g2 + 2 su3
93,e6 + 7 e8 + 7 f4 + so8 + 14 su2+g2 + 2 su3,7 e8+e6+7 f5+so(8)+2 su(3)+14(g2+su(2)),LST_missing,,T094/Ext2,28,2 e6 + 7 e8 + 7 f4 + 2 so8 + 14 su2+g2 + 2 su3
94,7 e8 + 8 f4 + 16 su2+g2,7 e8+8 f5+16(g2+su(2)),LST_exists_wrong_TH,"92, 93, 95, 96",T095/Ext2,4,2 e7 + 7 e8 + 8 f4 + 16 su2+g2; 2 e7p + 7 e8 + 8 f4 + 16 su2+g2; e6 + e7 + 7 e8 + 8 f4 + 16 su2+g2; e7 + e7p + 7 e8 + 8 f4 + 16 su2+g2
94,7 e8 + 9 f4 + 15 su2+g2 + su3,7 e8+9 f5+su(3)+15(g2+su(2)),LST_exists_wrong_TH,95,T095/Ext2,18,e7 + 7 e8 + 9 f4 + 15 su2+g2 + 2 su3
94,e6 + 7 e8 + 7 f4 + 2 so8 + 14 su2+g2 + 2 su3,7 e8+e6+7 f5+2 so(8)+2 su(3)+14(g2+su(2)),LST_missing,,T095/Ext2,38,2 e6 + 7 e8 + 7 f4 + 3 so8 + 14 su2+g2 + 2 su3
95,e6 + 7 e8 + 8 f4 + 14 su2+g2 + 3 su3,7 e8+e6+8 f5+3 su(3)+14(g2+su(2)),LST_missing,,T096/Ext2,21,3 e6 + 7 e8 + 8 f4 + 14 su2+g2 + 3 su3
95,e6 + 7 e8 + 8 f4 + 15 su2+g2 + su3,7 e8+e6+8 f5+su(3)+15(g2+su(2)),LST_exists_wrong_TH,96,T096/Ext2,"10, 18",e6 + e7 + 7 e8 + 8 f4 + 15 su2+g2 + 2 su3; e6 + e7 + 7 e8 + 8 f4 + 16 su2+g2 + su3
95,e6 + 7 e8 + 8 f4 + 16 su2+g2,7 e8+e6+8 f5+16(g2+su(2)),LST_exists_wrong_TH,96,T096/Ext2,"19, 20",(none); e6 + e7 + 7 e8 + 8 f4 + 16 su2+g2 + su3
96,e6 + 7 e8 + 8 f4 + 15 su2+g2 + 2 su3,7 e8+e6+8 f5+2 su(3)+15(g2+su(2)),LST_exists_wrong_TH,97,T097/Ext2,19,2 e6 + e7 + 7 e8 + 8 f4 + 15 su2+g2 + 2 su3; 2 e6 + e7p + 7 e8 + 8 f4 + 15 su2+g2 + 2 su3; e6 + e7 + 7 e8 + 8 f4 + so8 + 15 su2+g2 + 2 su3; e6 + e7 + 7 e8 + 9 f4 + 15 su2+g2 + 2 su3
96,e7p + 7 e8 + 8 f4 + 16 su2+g2,7 e8+e7'+8 f5+16(g2+su(2)),LST_exists_wrong_TH,97,T097/Ext2,20,e7 + e7p + 7 e8 + 8 f4 + 17 su2+g2
97,e7 + 7 e8 + 7 f4 + 2 so8 + 15 su2+g2 + su2+so7+su2,7 e8+e7+7 f5+2 so(8)+15(g2+su(2))+so(7)+2 su(2),LST_missing,,T098/Ext2,40,2 e7 + 7 e8 + 7 f4 + 2 so8 + 15 su2+g2 + su2+so7+su2 + su3; 2 e7 + 7 e8 + 7 f4 + 3 so8 + 15 su2+g2 + su2+so7+su2
97,e7 + 7 e8 + 8 f4 + 15 su2+g2 + su2+so7+su2,7 e8+e7+8 f5+15(g2+su(2))+so(7)+2 su(2),LST_missing,,T098/Ext2,"11, 30",2 e7 + 7 e8 + 8 f4 + 15 su2+g2 + su2+so7+su2 + su3; 2 e7 + 7 e8 + 8 f4 + 16 su2+g2 + su2+so7+su2
97,e7 + 7 e8 + 8 f4 + 16 su2+g2,7 e8+e7+8 f5+16(g2+su(2)),LST_exists_wrong_TH,98,T098/Ext2,"7, 19, 20",2 e7 + 7 e8 + 8 f4 + 17 su2+g2
98,14 e7 + 2 f4 + 4 su2+g2 + 13 su2+so7+su2,14 e7+2 f5+4(g2+su(2))+13(so(7)+2 su(2)),LST_missing,,T099/Ext2,30,14 e7 + 2 e8 + 2 f4 + 4 su2+g2 + 13 su2+so7+su2
98,2 e6 + 7 e8 + 8 f4 + 14 su2+g2 + 4 su3,7 e8+2 e6+8 f5+4 su(3)+14(g2+su(2)),LST_missing,,T099/Ext2,32,4 e6 + 7 e8 + 8 f4 + 14 su2+g2 + 4 su3
98,e7 + 7 e8 + 8 f4 + 15 su2+g2 + su2+so7+su2 + su3,7 e8+e7+8 f5+su(3)+15(g2+su(2))+so(7)+2 su(2),LST_exists_wrong_TH,97,T099/Ext2,15,2 e7 + 7 e8 + 8 f4 + so8 + 15 su2+g2 + su2+so7+su2 + su3; 2 e7 + 7 e8 + 9 f4 + 15 su2+g2 + su2+so7+su2 + su3; e6 + 2 e7 + 7 e8 + 8 f4 + 15 su2+g2 + su2+so7+su2 + su3; e6 + e7 + e7p + 7 e8 + 8 f4 + 15 su2+g2 + su2+so7+su2 + su3
98,e7 + 7 e8 + 8 f4 + 17 su2+g2,7 e8+e7+8 f5+17(g2+su(2)),LST_exists_wrong_TH,99,T099/Ext2,14,2 e7 + 7 e8 + 8 f4 + so8 + 17 su2+g2; 2 e7 + 7 e8 + 9 f4 + 17 su2+g2
99,e7 + 7 e8 + 8 f4 + 16 su2+g2 + su2+so7+su2,7 e8+e7+8 f5+16(g2+su(2))+so(7)+2 su(2),LST_exists_wrong_TH,"97, 100",T100/Ext2,21,2 e7 + e7p + 7 e8 + 8 f4 + 16 su2+g2 + su2+so7+su2; 3 e7 + 7 e8 + 8 f4 + 16 su2+g2 + su2+so7+su2; e6 + 2 e7 + 7 e8 + 8 f4 + 16 su2+g2 + su2+so7+su2; e7 + 2 e7p + 7 e8 + 8 f4 + 16 su2+g2 + su2+so7+su2
99,e7 + 7 e8 + 9 f4 + 15 su2+g2 + su2+so7+su2 + su3,7 e8+e7+9 f5+su(3)+15(g2+su(2))+so(7)+2 su(2),LST_missing,,T100/Ext2,35,2 e7 + 7 e8 + 9 f4 + 15 su2+g2 + su2+so7+su2 + 2 su3
100,e6 + e7 + 7 e8 + 8 f4 + 15 su2+g2 + su2+so7+su2 + su3,7 e8+e7+e6+8 f5+su(3)+15(g2+su(2))+so(7)+2 su(2),LST_missing,,T101/Ext2,"11, 14",e6 + 2 e7 + 7 e8 + 8 f4 + 15 su2+g2 + su2+so7+su2 + 2 su3; e6 + 2 e7 + 7 e8 + 8 f4 + 16 su2+g2 + su2+so7+su2 + su3
100,e6 + e7 + 7 e8 + 8 f4 + 16 su2+g2 + su2+so7+su2,7 e8+e7+e6+8 f5+16(g2+su(2))+so(7)+2 su(2),LST_missing,,T101/Ext2,"15, 18",(none); e6 + 2 e7 + 7 e8 + 8 f4 + 16 su2+g2 + su2+so7+su2 + su3
101,8 e8 + 8 f4 + 16 su2+g2,8 e8+8 f5+16(g2+su(2)),LST_exists_wrong_TH,"95, 96, 102",T102/Ext2,3,e7 + 8 e8 + 8 f4 + 17 su2+g2
101,e6 + e7 + 7 e8 + 8 f4 + 15 su2+g2 + su2+so7+su2 + 2 su3,7 e8+e7+e6+8 f5+2 su(3)+15(g2+su(2))+so(7)+2 su(2),LST_missing,,T102/Ext2,20,2 e6 + 2 e7 + 7 e8 + 8 f4 + 15 su2+g2 + su2+so7+su2 + 2 su3; 2 e6 + e7 + e7p + 7 e8 + 8 f4 + 15 su2+g2 + su2+so7+su2 + 2 su3; e6 + 2 e7 + 7 e8 + 8 f4 + so8 + 15 su2+g2 + su2+so7+su2 + 2 su3; e6 + 2 e7 + 7 e8 + 9 f4 + 15 su2+g2 + su2+so7+su2 + 2 su3
101,e7 + e7p + 7 e8 + 8 f4 + 16 su2+g2 + su2+so7+su2,7 e8+e7+e7'+8 f5+16(g2+su(2))+so(7)+2 su(2),LST_missing,,T102/Ext2,21,2 e7 + e7p + 7 e8 + 8 f4 + 17 su2+g2 + su2+so7+su2
102,2 e7 + 7 e8 + 8 f4 + 16 su2+g2 + su2+so7+su2,7 e8+2 e7+8 f5+16(g2+su(2))+so(7)+2 su(2),LST_missing,,T103/Ext2,"25, 29, 30",3 e7 + 7 e8 + 8 f4 + 17 su2+g2 + su2+so7+su2
102,8 e8 + 8 f4 + 17 su2+g2,8 e8+8 f5+17(g2+su(2)),LST_exists_wrong_TH,103,T103/Ext2,7,e7 + 8 e8 + 8 f4 + so8 + 17 su2+g2; e7 + 8 e8 + 9 f4 + 17 su2+g2
103,2 e7 + 7 e8 + 8 f4 + 17 su2+g2 + su2+so7+su2,7 e8+2 e7+8 f5+17(g2+su(2))+so(7)+2 su(2),LST_missing,,T104/Ext2,18,3 e7 + 7 e8 + 8 f4 + so8 + 17 su2+g2 + su2+so7+su2; 3 e7 + 7 e8 + 9 f4 + 17 su2+g2 + su2+so7+su2
104,15 e7 + 2 f4 + 4 su2+g2 + 14 su2+so7+su2,15 e7+2 f5+4(g2+su(2))+14(so(7)+2 su(2)),LST_missing,,T105/Ext2,16,15 e7 + 2 e8 + 2 f4 + 4 su2+g2 + 14 su2+so7+su2
104,2 e7 + 7 e8 + 8 f4 + 16 su2+g2 + 2 su2+so7+su2,7 e8+2 e7+8 f5+16(g2+su(2))+2(so(7)+2 su(2)),LST_missing,,T105/Ext2,17,2 e7 + 2 e7p + 7 e8 + 8 f4 + 16 su2+g2 + 2 su2+so7+su2; 3 e7 + e7p + 7 e8 + 8 f4 + 16 su2+g2 + 2 su2+so7+su2; 4 e7 + 7 e8 + 8 f4 + 16 su2+g2 + 2 su2+so7+su2; e6 + 3 e7 + 7 e8 + 8 f4 + 16 su2+g2 + 2 su2+so7+su2
106,8 e8 + 9 f4 + 18 su2+g2,8 e8+9 f5+18(g2+su(2)),LST_exists_wrong_TH,"105, 107",T107/Ext2,2,2 e7 + 8 e8 + 9 f4 + 18 su2+g2; e7 + e7p + 8 e8 + 9 f4 + 18 su2+g2
106,e7 + 8 e8 + 8 f4 + 16 su2+g2 + su2+so7+su2,8 e8+e7+8 f5+16(g2+su(2))+so(7)+2 su(2),LST_missing,,T107/Ext2,1,2 e7 + 8 e8 + 8 f4 + 17 su2+g2 + su2+so7+su2
107,e7 + 8 e8 + 8 f4 + 17 su2+g2 + su2+so7+su2,8 e8+e7+8 f5+17(g2+su(2))+so(7)+2 su(2),LST_missing,,T108/Ext2,2,2 e7 + 8 e8 + 9 f4 + 17 su2+g2 + su2+so7+su2
108,8 e8 + 9 f4 + 18 su2+g2,8 e8+9 f5+18(g2+su(2)),LST_exists_wrong_TH,"105, 107",T109/Ext2,2,10 e8 + 9 f4 + 18 su2+g2; 9 e8 + 10 f4 + 18 su2+g2; 9 e8 + 9 f4 + so8 + 18 su2+g2; e6 + 9 e8 + 9 f4 + 18 su2+g2; e7p + 9 e8 + 9 f4 + 18 su2+g2
108,e6 + 8 e8 + 9 f4 + 17 su2+g2 + 2 su3,8 e8+e6+9 f5+2 su(3)+17(g2+su(2)),LST_exists_wrong_TH,109,T109/Ext2,9,2 e6 + e7 + 8 e8 + 9 f4 + 17 su2+g2 + 2 su3
110,e7 + 8 e8 + 9 f4 + 17 su2+g2 + su2+so7+su2 + su3,8 e8+e7+9 f5+su(3)+17(g2+su(2))+so(7)+2 su(2),LST_missing,,T111/Ext2,9,e6 + 2 e7 + 8 e8 + 9 f4 + 17 su2+g2 + su2+so7+su2 + su3
111,e7 + 8 e8 + 9 f4 + 18 su2+g2 + su2+so7+su2,8 e8+e7+9 f5+18(g2+su(2))+so(7)+2 su(2),LST_exists_wrong_TH,112,T112/Ext2,4,2 e7 + e7p + 8 e8 + 9 f4 + 18 su2+g2 + su2+so7+su2; 3 e7 + 8 e8 + 9 f4 + 18 su2+g2 + su2+so7+su2
113,e6 + e7 + 8 e8 + 9 f4 + 17 su2+g2 + su2+so7+su2 + 2 su3,8 e8+e7+e6+9 f5+2 su(3)+17(g2+su(2))+so(7)+2 su(2),LST_missing,,T114/Ext2,10,2 e6 + 2 e7 + 8 e8 + 9 f4 + 17 su2+g2 + su2+so7+su2 + 2 su3
116,2 e7 + 8 e8 + 9 f4 + 18 su2+g2 + 2 su2+so7+su2,8 e8+2 e7+9 f5+18(g2+su(2))+2(so(7)+2 su(2)),LST_missing,,T117/Ext2,13,3 e7 + e7p + 8 e8 + 9 f4 + 18 su2+g2 + 2 su2+so7+su2; 4 e7 + 8 e8 + 9 f4 + 18 su2+g2 + 2 su2+so7+su2
118,9 e8 + 10 f4 + 20 su2+g2,9 e8+10 f5+20(g2+su(2)),LST_exists_wrong_TH,117,T119/Ext2,1,2 e7 + 9 e8 + 10 f4 + 20 su2+g2
119,9 e8 + 10 f4 + 20 su2+g2,9 e8+10 f5+20(g2+su(2)),LST_exists_wrong_TH,117,T120/Ext2,1,10 e8 + 10 f4 + so8 + 20 su2+g2; 10 e8 + 11 f4 + 20 su2+g2; e6 + 10 e8 + 10 f4 + 20 su2+g2; e7 + 10 e8 + 10 f4 + 20 su2+g2; e7p + 10 e8 + 10 f4 + 20 su2+g2
120,9 e8 + 10 f4 + 20 su2+g2,9 e8+10 f5+20(g2+su(2)),LST_exists_wrong_TH,117,T121/Ext2,1,11 e8 + 10 f4 + 20 su2+g2; e6 + 10 e8 + 10 f4 + 20 su2+g2; e7 + 10 e8 + 10 f4 + 20 su2+g2; e7p + 10 e8 + 10 f4 + 20 su2+g2
123,e7 + 9 e8 + 10 f4 + 20 su2+g2 + su2+so7+su2,9 e8+e7+10 f5+20(g2+su(2))+so(7)+2 su(2),LST_missing,,T124/Ext2,2,3 e7 + 9 e8 + 10 f4 + 20 su2+g2 + su2+so7+su2
123,e7 + 9 e8 + 10 f4 + 21 su2+g2,9 e8+e7+10 f5+21(g2+su(2)),LST_missing,,T124/Ext2,1,e7 + 10 e8 + 10 f4 + 20 su2+g2 + su2+so7+su2; e7 + 10 e8 + 10 f4 + 21 su2+g2 + su3; e7 + 10 e8 + 10 f4 + so8 + 21 su2+g2; e7 + 10 e8 + 11 f4 + 21 su2+g2
124,e7 + 9 e8 + 10 f4 + 20 su2+g2 + su2+so7+su2,9 e8+e7+10 f5+20(g2+su(2))+so(7)+2 su(2),LST_missing,,T125/Ext2,1,2 e7 + 10 e8 + 10 f4 + 20 su2+g2 + su2+so7+su2; e6 + e7 + 10 e8 + 10 f4 + 20 su2+g2 + su2+so7+su2; e7 + 10 e8 + 11 f4 + 20 su2+g2 + su2+so7+su2; e7 + e7p + 10 e8 + 10 f4 + 20 su2+g2 + su2+so7+su2
127,10 e8 + 10 f4 + 21 su2+g2,10 e8+10 f5+21(g2+su(2)),LST_missing,,T128/Ext2,1,11 e8 + 10 f4 + so8 + 21 su2+g2; 11 e8 + 11 f4 + 21 su2+g2
128,10 e8 + 10 f4 + so8 + 21 su2+g2,10 e8+10 f5+so(8)+21(g2+su(2)),LST_missing,,T129/Ext2,2,11 e8 + 10 f4 + 2 so8 + 21 su2+g2; 11 e8 + 10 f4 + so8 + 21 su2+g2 + su3
128,2 e7 + 9 e8 + 10 f4 + 20 su2+g2 + 2 su2+so7+su2,9 e8+2 e7+10 f5+20(g2+su(2))+2(so(7)+2 su(2)),LST_missing,,T129/Ext2,7,4 e7 + 9 e8 + 10 f4 + 20 su2+g2 + 2 su2+so7+su2
129,10 e8 + 10 f4 + 2 so8 + 21 su2+g2,10 e8+10 f5+2 so(8)+21(g2+su(2)),LST_missing,,T130/Ext2,5,11 e8 + 10 f4 + 2 so8 + 21 su2+g2 + su3; 11 e8 + 10 f4 + 3 so8 + 21 su2+g2
129,10 e8 + 11 f4 + 21 su2+g2,10 e8+11 f5+21(g2+su(2)),LST_missing,,T130/Ext2,"2, 3",11 e8 + 11 f4 + 21 su2+g2 + su3; 11 e8 + 11 f4 + 22 su2+g2
130,10 e8 + 11 f4 + 21 su2+g2 + su3,10 e8+11 f5+su(3)+21(g2+su(2)),LST_exists_wrong_TH,129,T131/Ext2,2,11 e8 + 12 f4 + 21 su2+g2 + su3; e6 + 11 e8 + 11 f4 + 21 su2+g2 + su3
130,10 e8 + 11 f4 + so8 + 21 su2+g2 + su3,10 e8+11 f5+so(8)+su(3)+21(g2+su(2)),LST_missing,,T131/Ext2,3,(none)
131,10 e8 + 11 f4 + 22 su2+g2,10 e8+11 f5+22(g2+su(2)),LST_exists_wrong_TH,129,T132/Ext2,1,e6 + 11 e8 + 11 f4 + 22 su2+g2; e7 + 11 e8 + 11 f4 + 22 su2+g2; e7p + 11 e8 + 11 f4 + 22 su2+g2
131,10 e8 + 12 f4 + 21 su2+g2 + su3,10 e8+12 f5+su(3)+21(g2+su(2)),LST_missing,,T132/Ext2,2,11 e8 + 12 f4 + 21 su2+g2 + 2 su3
132,10 e8 + 11 f4 + 22 su2+g2,10 e8+11 f5+22(g2+su(2)),LST_exists_wrong_TH,129,T133/Ext2,1,12 e8 + 11 f4 + 22 su2+g2; e7 + 11 e8 + 11 f4 + 22 su2+g2; e7p + 11 e8 + 11 f4 + 22 su2+g2
132,e6 + 10 e8 + 11 f4 + 21 su2+g2 + su3,10 e8+e6+11 f5+su(3)+21(g2+su(2)),LST_missing,,T133/Ext2; T133/Ext3,"2, 3",(none); e6 + 11 e8 + 11 f4 + 22 su2+g2 + su3
132,e6 + 10 e8 + 11 f4 + 22 su2+g2,10 e8+e6+11 f5+22(g2+su(2)),LST_missing,,T133/Ext2,"4, 5",e6 + 11 e8 + 11 f4 + 22 su2+g2 + su3
133,e6 + 10 e8 + 11 f4 + 21 su2+g2 + 2 su3,10 e8+e6+11 f5+2 su(3)+21(g2+su(2)),LST_missing,,T134/Ext2,2,2 e6 + 11 e8 + 11 f4 + 21 su2+g2 + 2 su3; e6 + 11 e8 + 12 f4 + 21 su2+g2 + 2 su3
135,e7 + 10 e8 + 11 f4 + 23 su2+g2,10 e8+e7+11 f5+23(g2+su(2)),LST_missing,,T136/Ext2,1,e7 + 11 e8 + 12 f4 + 23 su2+g2
136,e7 + 10 e8 + 11 f4 + 22 su2+g2 + su2+so7+su2,10 e8+e7+11 f5+22(g2+su(2))+so(7)+2 su(2),LST_missing,,T137/Ext2,1,2 e7 + 11 e8 + 11 f4 + 22 su2+g2 + su2+so7+su2; e6 + e7 + 11 e8 + 11 f4 + 22 su2+g2 + su2+so7+su2; e7 + e7p + 11 e8 + 11 f4 + 22 su2+g2 + su2+so7+su2
138,11 e8 + 11 f4 + 22 su2+g2,11 e8+11 f5+22(g2+su(2)),LST_missing,,T139/Ext3,3,(none)
139,11 e8 + 11 f4 + 23 su2+g2,11 e8+11 f5+23(g2+su(2)),LST_missing,,T140/Ext2,1,12 e8 + 12 f4 + 23 su2+g2
142,11 e8 + 12 f4 + 23 su2+g2 + su3,11 e8+12 f5+su(3)+23(g2+su(2)),LST_missing,,T143/Ext2,2,e6 + 12 e8 + 12 f4 + 23 su2+g2 + su3
143,11 e8 + 12 f4 + 24 su2+g2,11 e8+12 f5+24(g2+su(2)),LST_missing,,T144/Ext2,1,e7 + 12 e8 + 12 f4 + 24 su2+g2
144,11 e8 + 12 f4 + 24 su2+g2,11 e8+12 f5+24(g2+su(2)),LST_missing,,T145/Ext2,1,13 e8 + 12 f4 + 24 su2+g2; e7 + 12 e8 + 12 f4 + 24 su2+g2
145,e6 + 11 e8 + 12 f4 + 23 su2+g2 + 2 su3,11 e8+e6+12 f5+2 su(3)+23(g2+su(2)),LST_missing,,T146/Ext2,2,2 e6 + 12 e8 + 12 f4 + 23 su2+g2 + 2 su3
148,e7 + 11 e8 + 12 f4 + 24 su2+g2 + su2+so7+su2,11 e8+e7+12 f5+24(g2+su(2))+so(7)+2 su(2),LST_missing,,T149/Ext2,1,2 e7 + 12 e8 + 12 f4 + 24 su2+g2 + su2+so7+su2; e7 + e7p + 12 e8 + 12 f4 + 24 su2+g2 + su2+so7+su2
155,12 e8 + 13 f4 + 26 su2+g2,12 e8+13 f5+26(g2+su(2)),LST_missing,,T156/Ext2,1,e7 + 13 e8 + 13 f4 + 26 su2+g2
156,12 e8 + 13 f4 + 26 su2+g2,12 e8+13 f5+26(g2+su(2)),LST_missing,,T157/Ext2,1,14 e8 + 13 f4 + 26 su2+g2
160,e7 + 12 e8 + 13 f4 + 26 su2+g2 + su2+so7+su2,12 e8+e7+13 f5+26(g2+su(2))+so(7)+2 su(2),LST_missing,,T161/Ext2,1,2 e7 + 13 e8 + 13 f4 + 26 su2+g2 + su2+so7+su2
168,13 e8 + 14 f4 + 28 su2+g2,13 e8+14 f5+28(g2+su(2)),LST_missing,,T169/Ext2,1,15 e8 + 14 f4 + 28 su2+g2
180,14 e8 + 15 f4 + 30 su2+g2,14 e8+15 f5+30(g2+su(2)),LST_missing,,T181/Ext2,1,16 e8 + 15 f4 + 30 su2+g2
192,15 e8 + 16 f4 + 32 su2+g2,15 e8+16 f5+32(g2+su(2)),LST_missing,,T193/Ext2,1,17 e8 + 16 f4 + 32 su2+g2
