gram_bibj_pattern	ID	gauge_group	vertices	num_AB	delta	delta_28n	T_min	n_pos_bibj	n_neg_bibj	gram_b0bi	gram_bibj	hyper_strings	hypers
[[-2, 2], [ 2,-4]]	clq-(0,2)-(0,2)-n55-2f6d3864	SU(8) x SO(16)	vtx-A07-65-n2-0,vtx-D08-8-n4-n2	0,2	-55	1	2	0	2	[ 0,-2]	[[-2, 2], [ 2,-4]]	(1,2) : 1 x (irr-A7-8, irr-D8-16)	(1, 2):[[1, ['irr-A7-8', 'irr-D8-16']]]
[[-2, 2], [ 2,-4]]	clq-(0,2)-(0,2)-n54-be2a345d	SU(9) x SO(17)	vtx-A08-82-n2-0,vtx-B08-17-n4-n2	0,2	-54	2	2	0	2	[ 0,-2]	[[-2, 2], [ 2,-4]]	(1) : 1 x (irr-A8-9),(1,2) : 1 x (irr-A8-9, irr-B8-17)	(1, 2):[[1, ['irr-A8-9', 'irr-B8-17']]]; (1,):[[1, ['irr-A8-9']]]
[[-2, 2], [ 2,-4]]	clq-(0,2)-(0,2)-n53-18eeb457	SU(9) x SO(18)	vtx-A08-82-n2-0,vtx-D09-27-n4-n2	0,2	-53	3	2	0	2	[ 0,-2]	[[-2, 2], [ 2,-4]]	(2) : 1 x (irr-D9-18),(1,2) : 1 x (irr-A8-9, irr-D9-18)	(1, 2):[[1, ['irr-A8-9', 'irr-D9-18']]]; (2,):[[1, ['irr-D9-18']]]
[[-2, 2], [ 2,-4]]	clq-(0,2)-(0,2)-n52-b95fbd5d	SU(10) x SO(18)	vtx-A09-101-n2-0,vtx-D09-27-n4-n2	0,2	-52	4	2	0	2	[ 0,-2]	[[-2, 2], [ 2,-4]]	(1) : 2 x (irr-A9-10),(1,2) : 1 x (irr-A9-10, irr-D9-18)	(1, 2):[[1, ['irr-A9-10', 'irr-D9-18']]]; (1,):[[2, ['irr-A9-10']]]
[[-2, 2], [ 2,-4]]	clq-(0,2)-(0,2)-n51-596c7a7f	SU(10) x SO(19)	vtx-A09-101-n2-0,vtx-B09-38-n4-n2	0,2	-51	5	2	0	2	[ 0,-2]	[[-2, 2], [ 2,-4]]	(1) : 1 x (irr-A9-10),(2) : 1 x (irr-B9-19),(1,2) : 1 x (irr-A9-10, irr-B9-19)	(1, 2):[[1, ['irr-A9-10', 'irr-B9-19']]]; (1,):[[1, ['irr-A9-10']]]; (2,):[[1, ['irr-B9-19']]]
[[-2, 2], [ 2,-4]]	clq-(0,2)-(0,2)-n49-071c42d7	SU(10) x SO(20)	vtx-A09-101-n2-0,vtx-D10-50-n4-n2	0,2	-49	7	2	0	2	[ 0,-2]	[[-2, 2], [ 2,-4]]	(2) : 2 x (irr-D10-20),(1,2) : 1 x (irr-A9-10, irr-D10-20)	(1, 2):[[1, ['irr-A9-10', 'irr-D10-20']]]; (2,):[[2, ['irr-D10-20']]]
[[-2, 2], [ 2,-4]]	clq-(0,2)-(0,2)-n49-4c626f8e	SU(11) x SO(19)	vtx-A10-122-n2-0,vtx-B09-38-n4-n2	0,2	-49	7	2	0	2	[ 0,-2]	[[-2, 2], [ 2,-4]]	(1) : 3 x (irr-A10-11),(1,2) : 1 x (irr-A10-11, irr-B9-19)	(1, 2):[[1, ['irr-A10-11', 'irr-B9-19']]]; (1,):[[3, ['irr-A10-11']]]
[[-2, 2], [ 2,-4]]	clq-(0,2)-(0,2)-n48-3daec33f	SU(11) x SO(20)	vtx-A10-122-n2-0,vtx-D10-50-n4-n2	0,2	-48	8	2	0	2	[ 0,-2]	[[-2, 2], [ 2,-4]]	(1) : 2 x (irr-A10-11),(2) : 1 x (irr-D10-20),(1,2) : 1 x (irr-A10-11, irr-D10-20)	(1, 2):[[1, ['irr-A10-11', 'irr-D10-20']]]; (1,):[[2, ['irr-A10-11']]]; (2,):[[1, ['irr-D10-20']]]
[[-2, 2], [ 2,-4]]	clq-(0,2)-(0,2)-n46-5ff21aaf	SU(11) x SO(21)	vtx-A10-122-n2-0,vtx-B10-63-n4-n2	0,2	-46	10	2	0	2	[ 0,-2]	[[-2, 2], [ 2,-4]]	(1) : 1 x (irr-A10-11),(2) : 2 x (irr-B10-21),(1,2) : 1 x (irr-A10-11, irr-B10-21)	(1, 2):[[1, ['irr-A10-11', 'irr-B10-21']]]; (1,):[[1, ['irr-A10-11']]]; (2,):[[2, ['irr-B10-21']]]
[[-2, 2], [ 2,-4]]	clq-(0,2)-(0,2)-n45-32e36d84	SU(12) x SO(20)	vtx-A11-145-n2-0,vtx-D10-50-n4-n2	0,2	-45	11	2	0	2	[ 0,-2]	[[-2, 2], [ 2,-4]]	(1) : 4 x (irr-A11-12),(1,2) : 1 x (irr-A11-12, irr-D10-20)	(1, 2):[[1, ['irr-A11-12', 'irr-D10-20']]]; (1,):[[4, ['irr-A11-12']]]
[[-2, 2], [ 2,-4]]	clq-(0,2)-(0,2)-n44-3eba6c2a	SU(12) x SO(21)	vtx-A11-145-n2-0,vtx-B10-63-n4-n2	0,2	-44	12	2	0	2	[ 0,-2]	[[-2, 2], [ 2,-4]]	(1) : 3 x (irr-A11-12),(2) : 1 x (irr-B10-21),(1,2) : 1 x (irr-A11-12, irr-B10-21)	(1, 2):[[1, ['irr-A11-12', 'irr-B10-21']]]; (1,):[[3, ['irr-A11-12']]]; (2,):[[1, ['irr-B10-21']]]
[[-2, 2], [ 2,-4]]	clq-(0,2)-(0,2)-n43-be5caab8	SU(11) x SO(22)	vtx-A10-122-n2-0,vtx-D11-77-n4-n2	0,2	-43	13	2	0	2	[ 0,-2]	[[-2, 2], [ 2,-4]]	(2) : 3 x (irr-D11-22),(1,2) : 1 x (irr-A10-11, irr-D11-22)	(1, 2):[[1, ['irr-A10-11', 'irr-D11-22']]]; (2,):[[3, ['irr-D11-22']]]
[[-2, 2], [ 2,-4]]	clq-(0,2)-(0,2)-n42-6bd33a28	SU(12) x SO(22)	vtx-A11-145-n2-0,vtx-D11-77-n4-n2	0,2	-42	14	2	0	2	[ 0,-2]	[[-2, 2], [ 2,-4]]	(1) : 2 x (irr-A11-12),(2) : 2 x (irr-D11-22),(1,2) : 1 x (irr-A11-12, irr-D11-22)	(1, 2):[[1, ['irr-A11-12', 'irr-D11-22']]]; (1,):[[2, ['irr-A11-12']]]; (2,):[[2, ['irr-D11-22']]]
[[-2, 2], [ 2,-4]]	clq-(0,2)-(0,2)-n40-a92e5c52	SU(13) x SO(21)	vtx-A12-170-n2-0,vtx-B10-63-n4-n2	0,2	-40	16	2	0	2	[ 0,-2]	[[-2, 2], [ 2,-4]]	(1) : 5 x (irr-A12-13),(1,2) : 1 x (irr-A12-13, irr-B10-21)	(1, 2):[[1, ['irr-A12-13', 'irr-B10-21']]]; (1,):[[5, ['irr-A12-13']]]
[[-2, 2], [ 2,-4]]	clq-(0,2)-(0,2)-n39-52f25185	SU(12) x SO(23)	vtx-A11-145-n2-0,vtx-B11-92-n4-n2	0,2	-39	17	2	0	2	[ 0,-2]	[[-2, 2], [ 2,-4]]	(1) : 1 x (irr-A11-12),(2) : 3 x (irr-B11-23),(1,2) : 1 x (irr-A11-12, irr-B11-23)	(1, 2):[[1, ['irr-A11-12', 'irr-B11-23']]]; (1,):[[1, ['irr-A11-12']]]; (2,):[[3, ['irr-B11-23']]]
[[-2, 2], [ 2,-4]]	clq-(0,2)-(0,2)-n39-698a8717	SU(13) x SO(22)	vtx-A12-170-n2-0,vtx-D11-77-n4-n2	0,2	-39	17	2	0	2	[ 0,-2]	[[-2, 2], [ 2,-4]]	(1) : 4 x (irr-A12-13),(2) : 1 x (irr-D11-22),(1,2) : 1 x (irr-A12-13, irr-D11-22)	(1, 2):[[1, ['irr-A12-13', 'irr-D11-22']]]; (1,):[[4, ['irr-A12-13']]]; (2,):[[1, ['irr-D11-22']]]
[[-2, 2], [ 2,-4]]	clq-(0,2)-(0,2)-n37-03a58d28	SU(13) x SO(23)	vtx-A12-170-n2-0,vtx-B11-92-n4-n2	0,2	-37	19	2	0	2	[ 0,-2]	[[-2, 2], [ 2,-4]]	(1) : 3 x (irr-A12-13),(2) : 2 x (irr-B11-23),(1,2) : 1 x (irr-A12-13, irr-B11-23)	(1, 2):[[1, ['irr-A12-13', 'irr-B11-23']]]; (1,):[[3, ['irr-A12-13']]]; (2,):[[2, ['irr-B11-23']]]
[[-2, 2], [ 2,-4]]	clq-(0,2)-(0,2)-n35-5834821a	SU(12) x SO(24)	vtx-A11-145-n2-0,vtx-D12-108-n4-n2	0,2	-35	21	2	0	2	[ 0,-2]	[[-2, 2], [ 2,-4]]	(2) : 4 x (irr-D12-24),(1,2) : 1 x (irr-A11-12, irr-D12-24)	(1, 2):[[1, ['irr-A11-12', 'irr-D12-24']]]; (2,):[[4, ['irr-D12-24']]]
[[-2, 2], [ 2,-4]]	clq-(0,2)-(0,2)-n34-0af7c4d6	SU(13) x SO(24)	vtx-A12-170-n2-0,vtx-D12-108-n4-n2	0,2	-34	22	2	0	2	[ 0,-2]	[[-2, 2], [ 2,-4]]	(1) : 2 x (irr-A12-13),(2) : 3 x (irr-D12-24),(1,2) : 1 x (irr-A12-13, irr-D12-24)	(1, 2):[[1, ['irr-A12-13', 'irr-D12-24']]]; (1,):[[2, ['irr-A12-13']]]; (2,):[[3, ['irr-D12-24']]]
[[-2, 2], [ 2,-4]]	clq-(0,2)-(0,2)-n34-383c44f3	SU(14) x SO(22)	vtx-A13-197-n2-0,vtx-D11-77-n4-n2	0,2	-34	22	2	0	2	[ 0,-2]	[[-2, 2], [ 2,-4]]	(1) : 6 x (irr-A13-14),(1,2) : 1 x (irr-A13-14, irr-D11-22)	(1, 2):[[1, ['irr-A13-14', 'irr-D11-22']]]; (1,):[[6, ['irr-A13-14']]]
[[-2, 2], [ 2,-4]]	clq-(0,2)-(0,2)-n33-cfd6fb04	SU(14) x SO(23)	vtx-A13-197-n2-0,vtx-B11-92-n4-n2	0,2	-33	23	2	0	2	[ 0,-2]	[[-2, 2], [ 2,-4]]	(1) : 5 x (irr-A13-14),(2) : 1 x (irr-B11-23),(1,2) : 1 x (irr-A13-14, irr-B11-23)	(1, 2):[[1, ['irr-A13-14', 'irr-B11-23']]]; (1,):[[5, ['irr-A13-14']]]; (2,):[[1, ['irr-B11-23']]]
[[-2, 2], [ 2,-4]]	clq-(0,2)-(0,2)-n31-4c0497de	SU(14) x SO(24)	vtx-A13-197-n2-0,vtx-D12-108-n4-n2	0,2	-31	25	2	0	2	[ 0,-2]	[[-2, 2], [ 2,-4]]	(1) : 4 x (irr-A13-14),(2) : 2 x (irr-D12-24),(1,2) : 1 x (irr-A13-14, irr-D12-24)	(1, 2):[[1, ['irr-A13-14', 'irr-D12-24']]]; (1,):[[4, ['irr-A13-14']]]; (2,):[[2, ['irr-D12-24']]]
[[-2, 2], [ 2,-4]]	clq-(0,2)-(0,2)-n30-a3096381	SU(13) x SO(25)	vtx-A12-170-n2-0,vtx-B12-125-n4-n2	0,2	-30	26	2	0	2	[ 0,-2]	[[-2, 2], [ 2,-4]]	(1) : 1 x (irr-A12-13),(2) : 4 x (irr-B12-25),(1,2) : 1 x (irr-A12-13, irr-B12-25)	(1, 2):[[1, ['irr-A12-13', 'irr-B12-25']]]; (1,):[[1, ['irr-A12-13']]]; (2,):[[4, ['irr-B12-25']]]
[[-2, 2], [ 2,-4]]	clq-(0,2)-(0,2)-n28-a895bac4	SU(14) x SO(25)	vtx-A13-197-n2-0,vtx-B12-125-n4-n2	0,2	-28	28	2	0	2	[ 0,-2]	[[-2, 2], [ 2,-4]]	(1) : 3 x (irr-A13-14),(2) : 3 x (irr-B12-25),(1,2) : 1 x (irr-A13-14, irr-B12-25)	(1, 2):[[1, ['irr-A13-14', 'irr-B12-25']]]; (1,):[[3, ['irr-A13-14']]]; (2,):[[3, ['irr-B12-25']]]
[[-2, 2], [ 2,-4]]	clq-(0,2)-(0,2)-n27-13fbb914	SU(15) x SO(23)	vtx-A14-226-n2-0,vtx-B11-92-n4-n2	0,2	-27	29	2	0	2	[ 0,-2]	[[-2, 2], [ 2,-4]]	(1) : 7 x (irr-A14-15),(1,2) : 1 x (irr-A14-15, irr-B11-23)	(1, 2):[[1, ['irr-A14-15', 'irr-B11-23']]]; (1,):[[7, ['irr-A14-15']]]
[[-2, 2], [ 2,-4]]	clq-(0,2)-(0,2)-n26-2eaa7ef0	SU(15) x SO(24)	vtx-A14-226-n2-0,vtx-D12-108-n4-n2	0,2	-26	30	2	0	2	[ 0,-2]	[[-2, 2], [ 2,-4]]	(1) : 6 x (irr-A14-15),(2) : 1 x (irr-D12-24),(1,2) : 1 x (irr-A14-15, irr-D12-24)	(1, 2):[[1, ['irr-A14-15', 'irr-D12-24']]]; (1,):[[6, ['irr-A14-15']]]; (2,):[[1, ['irr-D12-24']]]
[[-2, 2], [ 2,-4]]	clq-(0,2)-(0,2)-n25-029ba9f3	SU(13) x SO(26)	vtx-A12-170-n2-0,vtx-D13-143-n4-n2	0,2	-25	31	2	0	2	[ 0,-2]	[[-2, 2], [ 2,-4]]	(2) : 5 x (irr-D13-26),(1,2) : 1 x (irr-A12-13, irr-D13-26)	(1, 2):[[1, ['irr-A12-13', 'irr-D13-26']]]; (2,):[[5, ['irr-D13-26']]]
[[-2, 2], [ 2,-4]]	clq-(0,2)-(0,2)-n24-1af8e520	SU(14) x SO(26)	vtx-A13-197-n2-0,vtx-D13-143-n4-n2	0,2	-24	32	2	0	2	[ 0,-2]	[[-2, 2], [ 2,-4]]	(1) : 2 x (irr-A13-14),(2) : 4 x (irr-D13-26),(1,2) : 1 x (irr-A13-14, irr-D13-26)	(1, 2):[[1, ['irr-A13-14', 'irr-D13-26']]]; (1,):[[2, ['irr-A13-14']]]; (2,):[[4, ['irr-D13-26']]]
[[-2, 2], [ 2,-4]]	clq-(0,2)-(0,2)-n24-8df47e42	SU(15) x SO(25)	vtx-A14-226-n2-0,vtx-B12-125-n4-n2	0,2	-24	32	2	0	2	[ 0,-2]	[[-2, 2], [ 2,-4]]	(1) : 5 x (irr-A14-15),(2) : 2 x (irr-B12-25),(1,2) : 1 x (irr-A14-15, irr-B12-25)	(1, 2):[[1, ['irr-A14-15', 'irr-B12-25']]]; (1,):[[5, ['irr-A14-15']]]; (2,):[[2, ['irr-B12-25']]]
[[-2, 2], [ 2,-4]]	clq-(0,2)-(0,2)-n21-5759d6c0	SU(15) x SO(26)	vtx-A14-226-n2-0,vtx-D13-143-n4-n2	0,2	-21	35	2	0	2	[ 0,-2]	[[-2, 2], [ 2,-4]]	(1) : 4 x (irr-A14-15),(2) : 3 x (irr-D13-26),(1,2) : 1 x (irr-A14-15, irr-D13-26)	(1, 2):[[1, ['irr-A14-15', 'irr-D13-26']]]; (1,):[[4, ['irr-A14-15']]]; (2,):[[3, ['irr-D13-26']]]
[[-2, 2], [ 2,-4]]	clq-(0,2)-(0,2)-n19-6f05f43a	SU(14) x SO(27)	vtx-A13-197-n2-0,vtx-B13-162-n4-n2	0,2	-19	37	2	0	2	[ 0,-2]	[[-2, 2], [ 2,-4]]	(1) : 1 x (irr-A13-14),(2) : 5 x (irr-B13-27),(1,2) : 1 x (irr-A13-14, irr-B13-27)	(1, 2):[[1, ['irr-A13-14', 'irr-B13-27']]]; (1,):[[1, ['irr-A13-14']]]; (2,):[[5, ['irr-B13-27']]]
[[-2, 2], [ 2,-4]]	clq-(0,2)-(0,2)-n19-19b5703d	SU(16) x SO(24)	vtx-A15-257-n2-0,vtx-D12-108-n4-n2	0,2	-19	37	2	0	2	[ 0,-2]	[[-2, 2], [ 2,-4]]	(1) : 8 x (irr-A15-16),(1,2) : 1 x (irr-A15-16, irr-D12-24)	(1, 2):[[1, ['irr-A15-16', 'irr-D12-24']]]; (1,):[[8, ['irr-A15-16']]]
[[-2, 2], [ 2,-4]]	clq-(0,2)-(0,2)-n18-e4a754bf	SU(16) x SO(25)	vtx-A15-257-n2-0,vtx-B12-125-n4-n2	0,2	-18	38	2	0	2	[ 0,-2]	[[-2, 2], [ 2,-4]]	(1) : 7 x (irr-A15-16),(2) : 1 x (irr-B12-25),(1,2) : 1 x (irr-A15-16, irr-B12-25)	(1, 2):[[1, ['irr-A15-16', 'irr-B12-25']]]; (1,):[[7, ['irr-A15-16']]]; (2,):[[1, ['irr-B12-25']]]
[[-2, 2], [ 2,-4]]	clq-(0,2)-(0,2)-n17-f04992bf	SU(15) x SO(27)	vtx-A14-226-n2-0,vtx-B13-162-n4-n2	0,2	-17	39	2	0	2	[ 0,-2]	[[-2, 2], [ 2,-4]]	(1) : 3 x (irr-A14-15),(2) : 4 x (irr-B13-27),(1,2) : 1 x (irr-A14-15, irr-B13-27)	(1, 2):[[1, ['irr-A14-15', 'irr-B13-27']]]; (1,):[[3, ['irr-A14-15']]]; (2,):[[4, ['irr-B13-27']]]
[[-2, 2], [ 2,-4]]	clq-(0,2)-(0,2)-n16-3ae4ad2a	SU(16) x SO(26)	vtx-A15-257-n2-0,vtx-D13-143-n4-n2	0,2	-16	40	2	0	2	[ 0,-2]	[[-2, 2], [ 2,-4]]	(1) : 6 x (irr-A15-16),(2) : 2 x (irr-D13-26),(1,2) : 1 x (irr-A15-16, irr-D13-26)	(1, 2):[[1, ['irr-A15-16', 'irr-D13-26']]]; (1,):[[6, ['irr-A15-16']]]; (2,):[[2, ['irr-D13-26']]]
[[-2, 2], [ 2,-4]]	clq-(0,2)-(0,2)-n13-268ebb2e	SU(14) x SO(28)	vtx-A13-197-n2-0,vtx-D14-182-n4-n2	0,2	-13	43	2	0	2	[ 0,-2]	[[-2, 2], [ 2,-4]]	(2) : 6 x (irr-D14-28),(1,2) : 1 x (irr-A13-14, irr-D14-28)	(1, 2):[[1, ['irr-A13-14', 'irr-D14-28']]]; (2,):[[6, ['irr-D14-28']]]
[[-2, 2], [ 2,-4]]	clq-(0,2)-(0,2)-n13-807b02ad	SU(16) x SO(27)	vtx-A15-257-n2-0,vtx-B13-162-n4-n2	0,2	-13	43	2	0	2	[ 0,-2]	[[-2, 2], [ 2,-4]]	(1) : 5 x (irr-A15-16),(2) : 3 x (irr-B13-27),(1,2) : 1 x (irr-A15-16, irr-B13-27)	(1, 2):[[1, ['irr-A15-16', 'irr-B13-27']]]; (1,):[[5, ['irr-A15-16']]]; (2,):[[3, ['irr-B13-27']]]
[[-2, 2], [ 2,-4]]	clq-(0,2)-(0,2)-n12-d1cf7bed	SU(15) x SO(28)	vtx-A14-226-n2-0,vtx-D14-182-n4-n2	0,2	-12	44	2	0	2	[ 0,-2]	[[-2, 2], [ 2,-4]]	(1) : 2 x (irr-A14-15),(2) : 5 x (irr-D14-28),(1,2) : 1 x (irr-A14-15, irr-D14-28)	(1, 2):[[1, ['irr-A14-15', 'irr-D14-28']]]; (1,):[[2, ['irr-A14-15']]]; (2,):[[5, ['irr-D14-28']]]
[[-2, 2], [ 2,-4]]	clq-(0,2)-(0,2)-n10-fa2e1d9c	SU(17) x SO(25)	vtx-A16-290-n2-0,vtx-B12-125-n4-n2	0,2	-10	46	2	0	2	[ 0,-2]	[[-2, 2], [ 2,-4]]	(1) : 9 x (irr-A16-17),(1,2) : 1 x (irr-A16-17, irr-B12-25)	(1, 2):[[1, ['irr-A16-17', 'irr-B12-25']]]; (1,):[[9, ['irr-A16-17']]]
[[-2, 2], [ 2,-4]]	clq-(0,2)-(0,2)-n9-416e25d2	SU(16) x SO(28)	vtx-A15-257-n2-0,vtx-D14-182-n4-n2	0,2	-9	47	2	0	2	[ 0,-2]	[[-2, 2], [ 2,-4]]	(1) : 4 x (irr-A15-16),(2) : 4 x (irr-D14-28),(1,2) : 1 x (irr-A15-16, irr-D14-28)	(1, 2):[[1, ['irr-A15-16', 'irr-D14-28']]]; (1,):[[4, ['irr-A15-16']]]; (2,):[[4, ['irr-D14-28']]]
[[-2, 2], [ 2,-4]]	clq-(0,2)-(0,2)-n9-5cfb886f	SU(17) x SO(26)	vtx-A16-290-n2-0,vtx-D13-143-n4-n2	0,2	-9	47	2	0	2	[ 0,-2]	[[-2, 2], [ 2,-4]]	(1) : 8 x (irr-A16-17),(2) : 1 x (irr-D13-26),(1,2) : 1 x (irr-A16-17, irr-D13-26)	(1, 2):[[1, ['irr-A16-17', 'irr-D13-26']]]; (1,):[[8, ['irr-A16-17']]]; (2,):[[1, ['irr-D13-26']]]
[[-2, 2], [ 2,-4]]	clq-(0,2)-(0,2)-n7-ade4ea53	SU(17) x SO(27)	vtx-A16-290-n2-0,vtx-B13-162-n4-n2	0,2	-7	49	2	0	2	[ 0,-2]	[[-2, 2], [ 2,-4]]	(1) : 7 x (irr-A16-17),(2) : 2 x (irr-B13-27),(1,2) : 1 x (irr-A16-17, irr-B13-27)	(1, 2):[[1, ['irr-A16-17', 'irr-B13-27']]]; (1,):[[7, ['irr-A16-17']]]; (2,):[[2, ['irr-B13-27']]]
[[-2, 2], [ 2,-4]]	clq-(0,2)-(0,2)-n6-7c2b2790	SU(15) x SO(29)	vtx-A14-226-n2-0,vtx-B14-203-n4-n2	0,2	-6	50	2	0	2	[ 0,-2]	[[-2, 2], [ 2,-4]]	(1) : 1 x (irr-A14-15),(2) : 6 x (irr-B14-29),(1,2) : 1 x (irr-A14-15, irr-B14-29)	(1, 2):[[1, ['irr-A14-15', 'irr-B14-29']]]; (1,):[[1, ['irr-A14-15']]]; (2,):[[6, ['irr-B14-29']]]
[[-2, 2], [ 2,-4]]	clq-(0,2)-(0,2)-n4-2a382bec	SU(16) x SO(29)	vtx-A15-257-n2-0,vtx-B14-203-n4-n2	0,2	-4	52	2	0	2	[ 0,-2]	[[-2, 2], [ 2,-4]]	(1) : 3 x (irr-A15-16),(2) : 5 x (irr-B14-29),(1,2) : 1 x (irr-A15-16, irr-B14-29)	(1, 2):[[1, ['irr-A15-16', 'irr-B14-29']]]; (1,):[[3, ['irr-A15-16']]]; (2,):[[5, ['irr-B14-29']]]
[[-2, 2], [ 2,-4]]	clq-(0,2)-(0,2)-n4-c9984b8c	SU(17) x SO(28)	vtx-A16-290-n2-0,vtx-D14-182-n4-n2	0,2	-4	52	2	0	2	[ 0,-2]	[[-2, 2], [ 2,-4]]	(1) : 6 x (irr-A16-17),(2) : 3 x (irr-D14-28),(1,2) : 1 x (irr-A16-17, irr-D14-28)	(1, 2):[[1, ['irr-A16-17', 'irr-D14-28']]]; (1,):[[6, ['irr-A16-17']]]; (2,):[[3, ['irr-D14-28']]]
[[-2, 2], [ 2,-4]]	clq-(0,2)-(0,2)-0-a905d845	SU(17) x SO(29)	vtx-A16-290-n2-0,vtx-B14-203-n4-n2	0,2	0	56	2	0	2	[ 0,-2]	[[-2, 2], [ 2,-4]]	(1) : 5 x (irr-A16-17),(2) : 4 x (irr-B14-29),(1,2) : 1 x (irr-A16-17, irr-B14-29)	(1, 2):[[1, ['irr-A16-17', 'irr-B14-29']]]; (1,):[[5, ['irr-A16-17']]]; (2,):[[4, ['irr-B14-29']]]
[[-2, 2], [ 2,-4]]	clq-(0,2)-(0,2)-0-ac1f3d27	SU(18) x SO(26)	vtx-A17-325-n2-0,vtx-D13-143-n4-n2	0,2	0	56	2	0	2	[ 0,-2]	[[-2, 2], [ 2,-4]]	(1) : 10 x (irr-A17-18),(1,2) : 1 x (irr-A17-18, irr-D13-26)	(1, 2):[[1, ['irr-A17-18', 'irr-D13-26']]]; (1,):[[10, ['irr-A17-18']]]
[[-2, 2], [ 2,-4]]	clq-(0,2)-(0,2)-1-4e1f1061	SU(15) x SO(30)	vtx-A14-226-n2-0,vtx-D15-225-n4-n2	0,2	1	57	2	0	2	[ 0,-2]	[[-2, 2], [ 2,-4]]	(2) : 7 x (irr-D15-30),(1,2) : 1 x (irr-A14-15, irr-D15-30)	(1, 2):[[1, ['irr-A14-15', 'irr-D15-30']]]; (2,):[[7, ['irr-D15-30']]]
[[-2, 2], [ 2,-4]]	clq-(0,2)-(0,2)-1-ca2db3b9	SU(18) x SO(27)	vtx-A17-325-n2-0,vtx-B13-162-n4-n2	0,2	1	57	2	0	2	[ 0,-2]	[[-2, 2], [ 2,-4]]	(1) : 9 x (irr-A17-18),(2) : 1 x (irr-B13-27),(1,2) : 1 x (irr-A17-18, irr-B13-27)	(1, 2):[[1, ['irr-A17-18', 'irr-B13-27']]]; (1,):[[9, ['irr-A17-18']]]; (2,):[[1, ['irr-B13-27']]]
[[-2, 2], [ 2,-4]]	clq-(0,2)-(0,2)-2-85ea2589	SU(16) x SO(30)	vtx-A15-257-n2-0,vtx-D15-225-n4-n2	0,2	2	58	2	0	2	[ 0,-2]	[[-2, 2], [ 2,-4]]	(1) : 2 x (irr-A15-16),(2) : 6 x (irr-D15-30),(1,2) : 1 x (irr-A15-16, irr-D15-30)	(1, 2):[[1, ['irr-A15-16', 'irr-D15-30']]]; (1,):[[2, ['irr-A15-16']]]; (2,):[[6, ['irr-D15-30']]]
[[-2, 2], [ 2,-4]]	clq-(0,2)-(0,2)-3-be3abd04	SU(18) x SO(28)	vtx-A17-325-n2-0,vtx-D14-182-n4-n2	0,2	3	59	2	0	2	[ 0,-2]	[[-2, 2], [ 2,-4]]	(1) : 8 x (irr-A17-18),(2) : 2 x (irr-D14-28),(1,2) : 1 x (irr-A17-18, irr-D14-28)	(1, 2):[[1, ['irr-A17-18', 'irr-D14-28']]]; (1,):[[8, ['irr-A17-18']]]; (2,):[[2, ['irr-D14-28']]]
[[-2, 2], [ 2,-4]]	clq-(0,2)-(0,2)-5-ced255eb	SU(17) x SO(30)	vtx-A16-290-n2-0,vtx-D15-225-n4-n2	0,2	5	61	2	0	2	[ 0,-2]	[[-2, 2], [ 2,-4]]	(1) : 4 x (irr-A16-17),(2) : 5 x (irr-D15-30),(1,2) : 1 x (irr-A16-17, irr-D15-30)	(1, 2):[[1, ['irr-A16-17', 'irr-D15-30']]]; (1,):[[4, ['irr-A16-17']]]; (2,):[[5, ['irr-D15-30']]]
[[-2, 2], [ 2,-4]]	clq-(0,2)-(0,2)-6-80d9ba99	SU(18) x SO(29)	vtx-A17-325-n2-0,vtx-B14-203-n4-n2	0,2	6	62	2	0	2	[ 0,-2]	[[-2, 2], [ 2,-4]]	(1) : 7 x (irr-A17-18),(2) : 3 x (irr-B14-29),(1,2) : 1 x (irr-A17-18, irr-B14-29)	(1, 2):[[1, ['irr-A17-18', 'irr-B14-29']]]; (1,):[[7, ['irr-A17-18']]]; (2,):[[3, ['irr-B14-29']]]
[[-2, 2], [ 2,-4]]	clq-(0,2)-(0,2)-9-a640bc23	SU(16) x SO(31)	vtx-A15-257-n2-0,vtx-B15-248-n4-n2	0,2	9	65	2	0	2	[ 0,-2]	[[-2, 2], [ 2,-4]]	(1) : 1 x (irr-A15-16),(2) : 7 x (irr-B15-31),(1,2) : 1 x (irr-A15-16, irr-B15-31)	(1, 2):[[1, ['irr-A15-16', 'irr-B15-31']]]; (1,):[[1, ['irr-A15-16']]]; (2,):[[7, ['irr-B15-31']]]
[[-2, 2], [ 2,-4]]	clq-(0,2)-(0,2)-10-fbbf79b4	SU(18) x SO(30)	vtx-A17-325-n2-0,vtx-D15-225-n4-n2	0,2	10	66	2	0	2	[ 0,-2]	[[-2, 2], [ 2,-4]]	(1) : 6 x (irr-A17-18),(2) : 4 x (irr-D15-30),(1,2) : 1 x (irr-A17-18, irr-D15-30)	(1, 2):[[1, ['irr-A17-18', 'irr-D15-30']]]; (1,):[[6, ['irr-A17-18']]]; (2,):[[4, ['irr-D15-30']]]
[[-2, 2], [ 2,-4]]	clq-(0,2)-(0,2)-11-8bc1f619	SU(17) x SO(31)	vtx-A16-290-n2-0,vtx-B15-248-n4-n2	0,2	11	67	2	0	2	[ 0,-2]	[[-2, 2], [ 2,-4]]	(1) : 3 x (irr-A16-17),(2) : 6 x (irr-B15-31),(1,2) : 1 x (irr-A16-17, irr-B15-31)	(1, 2):[[1, ['irr-A16-17', 'irr-B15-31']]]; (1,):[[3, ['irr-A16-17']]]; (2,):[[6, ['irr-B15-31']]]
[[-2, 2], [ 2,-4]]	clq-(0,2)-(0,2)-11-27db85d5	SU(19) x SO(27)	vtx-A18-362-n2-0,vtx-B13-162-n4-n2	0,2	11	67	2	0	2	[ 0,-2]	[[-2, 2], [ 2,-4]]	(1) : 11 x (irr-A18-19),(1,2) : 1 x (irr-A18-19, irr-B13-27)	(1, 2):[[1, ['irr-A18-19', 'irr-B13-27']]]; (1,):[[11, ['irr-A18-19']]]
[[-2, 2], [ 2,-4]]	clq-(0,2)-(0,2)-12-b3195576	SU(19) x SO(28)	vtx-A18-362-n2-0,vtx-D14-182-n4-n2	0,2	12	68	2	0	2	[ 0,-2]	[[-2, 2], [ 2,-4]]	(1) : 10 x (irr-A18-19),(2) : 1 x (irr-D14-28),(1,2) : 1 x (irr-A18-19, irr-D14-28)	(1, 2):[[1, ['irr-A18-19', 'irr-D14-28']]]; (1,):[[10, ['irr-A18-19']]]; (2,):[[1, ['irr-D14-28']]]
[[-2, 2], [ 2,-4]]	clq-(0,2)-(0,2)-14-5b3692f4	SU(19) x SO(29)	vtx-A18-362-n2-0,vtx-B14-203-n4-n2	0,2	14	70	2	0	2	[ 0,-2]	[[-2, 2], [ 2,-4]]	(1) : 9 x (irr-A18-19),(2) : 2 x (irr-B14-29),(1,2) : 1 x (irr-A18-19, irr-B14-29)	(1, 2):[[1, ['irr-A18-19', 'irr-B14-29']]]; (1,):[[9, ['irr-A18-19']]]; (2,):[[2, ['irr-B14-29']]]
[[-2, 2], [ 2,-4]]	clq-(0,2)-(0,2)-15-70e06366	SU(18) x SO(31)	vtx-A17-325-n2-0,vtx-B15-248-n4-n2	0,2	15	71	2	0	2	[ 0,-2]	[[-2, 2], [ 2,-4]]	(1) : 5 x (irr-A17-18),(2) : 5 x (irr-B15-31),(1,2) : 1 x (irr-A17-18, irr-B15-31)	(1, 2):[[1, ['irr-A17-18', 'irr-B15-31']]]; (1,):[[5, ['irr-A17-18']]]; (2,):[[5, ['irr-B15-31']]]
[[-2, 2], [ 2,-4]]	clq-(0,2)-(0,2)-17-bee28fdc	SU(16) x SO(32)	vtx-A15-257-n2-0,vtx-D16-272-n4-n2	0,2	17	73	2	0	2	[ 0,-2]	[[-2, 2], [ 2,-4]]	(2) : 8 x (irr-D16-32),(1,2) : 1 x (irr-A15-16, irr-D16-32)	(1, 2):[[1, ['irr-A15-16', 'irr-D16-32']]]; (2,):[[8, ['irr-D16-32']]]
[[-2, 2], [ 2,-4]]	clq-(0,2)-(0,2)-17-129194dd	SU(19) x SO(30)	vtx-A18-362-n2-0,vtx-D15-225-n4-n2	0,2	17	73	2	0	2	[ 0,-2]	[[-2, 2], [ 2,-4]]	(1) : 8 x (irr-A18-19),(2) : 3 x (irr-D15-30),(1,2) : 1 x (irr-A18-19, irr-D15-30)	(1, 2):[[1, ['irr-A18-19', 'irr-D15-30']]]; (1,):[[8, ['irr-A18-19']]]; (2,):[[3, ['irr-D15-30']]]
[[-2, 2], [ 2,-4]]	clq-(0,2)-(0,2)-18-80a93319	SU(17) x SO(32)	vtx-A16-290-n2-0,vtx-D16-272-n4-n2	0,2	18	74	2	0	2	[ 0,-2]	[[-2, 2], [ 2,-4]]	(1) : 2 x (irr-A16-17),(2) : 7 x (irr-D16-32),(1,2) : 1 x (irr-A16-17, irr-D16-32)	(1, 2):[[1, ['irr-A16-17', 'irr-D16-32']]]; (1,):[[2, ['irr-A16-17']]]; (2,):[[7, ['irr-D16-32']]]
[[-2, 2], [ 2,-4]]	clq-(0,2)-(0,2)-21-0af613a7	SU(18) x SO(32)	vtx-A17-325-n2-0,vtx-D16-272-n4-n2	0,2	21	77	2	0	2	[ 0,-2]	[[-2, 2], [ 2,-4]]	(1) : 4 x (irr-A17-18),(2) : 6 x (irr-D16-32),(1,2) : 1 x (irr-A17-18, irr-D16-32)	(1, 2):[[1, ['irr-A17-18', 'irr-D16-32']]]; (1,):[[4, ['irr-A17-18']]]; (2,):[[6, ['irr-D16-32']]]
[[-2, 2], [ 2,-4]]	clq-(0,2)-(0,2)-21-b1291fbc	SU(19) x SO(31)	vtx-A18-362-n2-0,vtx-B15-248-n4-n2	0,2	21	77	2	0	2	[ 0,-2]	[[-2, 2], [ 2,-4]]	(1) : 7 x (irr-A18-19),(2) : 4 x (irr-B15-31),(1,2) : 1 x (irr-A18-19, irr-B15-31)	(1, 2):[[1, ['irr-A18-19', 'irr-B15-31']]]; (1,):[[7, ['irr-A18-19']]]; (2,):[[4, ['irr-B15-31']]]
[[-2, 2], [ 2,-4]]	clq-(0,2)-(0,2)-23-64bb6bfc	SU(20) x SO(28)	vtx-A19-401-n2-0,vtx-D14-182-n4-n2	0,2	23	79	2	0	2	[ 0,-2]	[[-2, 2], [ 2,-4]]	(1) : 12 x (irr-A19-20),(1,2) : 1 x (irr-A19-20, irr-D14-28)	(1, 2):[[1, ['irr-A19-20', 'irr-D14-28']]]; (1,):[[12, ['irr-A19-20']]]
[[-2, 2], [ 2,-4]]	clq-(0,2)-(0,2)-24-9bdc2910	SU(20) x SO(29)	vtx-A19-401-n2-0,vtx-B14-203-n4-n2	0,2	24	80	2	0	2	[ 0,-2]	[[-2, 2], [ 2,-4]]	(1) : 11 x (irr-A19-20),(2) : 1 x (irr-B14-29),(1,2) : 1 x (irr-A19-20, irr-B14-29)	(1, 2):[[1, ['irr-A19-20', 'irr-B14-29']]]; (1,):[[11, ['irr-A19-20']]]; (2,):[[1, ['irr-B14-29']]]
[[-2, 2], [ 2,-4]]	clq-(0,2)-(0,2)-26-130ae139	SU(17) x SO(33)	vtx-A16-290-n2-0,vtx-B16-297-n4-n2	0,2	26	82	2	0	2	[ 0,-2]	[[-2, 2], [ 2,-4]]	(1) : 1 x (irr-A16-17),(2) : 8 x (irr-B16-33),(1,2) : 1 x (irr-A16-17, irr-B16-33)	(1, 2):[[1, ['irr-A16-17', 'irr-B16-33']]]; (1,):[[1, ['irr-A16-17']]]; (2,):[[8, ['irr-B16-33']]]
[[-2, 2], [ 2,-4]]	clq-(0,2)-(0,2)-26-3aab5f6e	SU(19) x SO(32)	vtx-A18-362-n2-0,vtx-D16-272-n4-n2	0,2	26	82	2	0	2	[ 0,-2]	[[-2, 2], [ 2,-4]]	(1) : 6 x (irr-A18-19),(2) : 5 x (irr-D16-32),(1,2) : 1 x (irr-A18-19, irr-D16-32)	(1, 2):[[1, ['irr-A18-19', 'irr-D16-32']]]; (1,):[[6, ['irr-A18-19']]]; (2,):[[5, ['irr-D16-32']]]
[[-2, 2], [ 2,-4]]	clq-(0,2)-(0,2)-26-b5a8ec7a	SU(20) x SO(30)	vtx-A19-401-n2-0,vtx-D15-225-n4-n2	0,2	26	82	2	0	2	[ 0,-2]	[[-2, 2], [ 2,-4]]	(1) : 10 x (irr-A19-20),(2) : 2 x (irr-D15-30),(1,2) : 1 x (irr-A19-20, irr-D15-30)	(1, 2):[[1, ['irr-A19-20', 'irr-D15-30']]]; (1,):[[10, ['irr-A19-20']]]; (2,):[[2, ['irr-D15-30']]]
[[-2, 2], [ 2,-4]]	clq-(0,2)-(0,2)-28-610f00b9	SU(18) x SO(33)	vtx-A17-325-n2-0,vtx-B16-297-n4-n2	0,2	28	84	2	0	2	[ 0,-2]	[[-2, 2], [ 2,-4]]	(1) : 3 x (irr-A17-18),(2) : 7 x (irr-B16-33),(1,2) : 1 x (irr-A17-18, irr-B16-33)	(1, 2):[[1, ['irr-A17-18', 'irr-B16-33']]]; (1,):[[3, ['irr-A17-18']]]; (2,):[[7, ['irr-B16-33']]]
[[-2, 2], [ 2,-4]]	clq-(0,2)-(0,2)-29-68263388	SU(20) x SO(31)	vtx-A19-401-n2-0,vtx-B15-248-n4-n2	0,2	29	85	2	0	2	[ 0,-2]	[[-2, 2], [ 2,-4]]	(1) : 9 x (irr-A19-20),(2) : 3 x (irr-B15-31),(1,2) : 1 x (irr-A19-20, irr-B15-31)	(1, 2):[[1, ['irr-A19-20', 'irr-B15-31']]]; (1,):[[9, ['irr-A19-20']]]; (2,):[[3, ['irr-B15-31']]]
[[-2, 2], [ 2,-4]]	clq-(0,2)-(0,2)-32-23b9ec02	SU(19) x SO(33)	vtx-A18-362-n2-0,vtx-B16-297-n4-n2	0,2	32	88	2	0	2	[ 0,-2]	[[-2, 2], [ 2,-4]]	(1) : 5 x (irr-A18-19),(2) : 6 x (irr-B16-33),(1,2) : 1 x (irr-A18-19, irr-B16-33)	(1, 2):[[1, ['irr-A18-19', 'irr-B16-33']]]; (1,):[[5, ['irr-A18-19']]]; (2,):[[6, ['irr-B16-33']]]
[[-2, 2], [ 2,-4]]	clq-(0,2)-(0,2)-33-48479223	SU(20) x SO(32)	vtx-A19-401-n2-0,vtx-D16-272-n4-n2	0,2	33	89	2	0	2	[ 0,-2]	[[-2, 2], [ 2,-4]]	(1) : 8 x (irr-A19-20),(2) : 4 x (irr-D16-32),(1,2) : 1 x (irr-A19-20, irr-D16-32)	(1, 2):[[1, ['irr-A19-20', 'irr-D16-32']]]; (1,):[[8, ['irr-A19-20']]]; (2,):[[4, ['irr-D16-32']]]
[[-2, 2], [ 2,-4]]	clq-(0,2)-(0,2)-36-8729b675	SU(21) x SO(29)	vtx-A20-442-n2-0,vtx-B14-203-n4-n2	0,2	36	92	2	0	2	[ 0,-2]	[[-2, 2], [ 2,-4]]	(1) : 13 x (irr-A20-21),(1,2) : 1 x (irr-A20-21, irr-B14-29)	(1, 2):[[1, ['irr-A20-21', 'irr-B14-29']]]; (1,):[[13, ['irr-A20-21']]]
[[-2, 2], [ 2,-4]]	clq-(0,2)-(0,2)-37-d411f1a6	SU(21) x SO(30)	vtx-A20-442-n2-0,vtx-D15-225-n4-n2	0,2	37	93	2	0	2	[ 0,-2]	[[-2, 2], [ 2,-4]]	(1) : 12 x (irr-A20-21),(2) : 1 x (irr-D15-30),(1,2) : 1 x (irr-A20-21, irr-D15-30)	(1, 2):[[1, ['irr-A20-21', 'irr-D15-30']]]; (1,):[[12, ['irr-A20-21']]]; (2,):[[1, ['irr-D15-30']]]
[[-2, 2], [ 2,-4]]	clq-(0,2)-(0,2)-38-dcfc196f	SU(20) x SO(33)	vtx-A19-401-n2-0,vtx-B16-297-n4-n2	0,2	38	94	2	0	2	[ 0,-2]	[[-2, 2], [ 2,-4]]	(1) : 7 x (irr-A19-20),(2) : 5 x (irr-B16-33),(1,2) : 1 x (irr-A19-20, irr-B16-33)	(1, 2):[[1, ['irr-A19-20', 'irr-B16-33']]]; (1,):[[7, ['irr-A19-20']]]; (2,):[[5, ['irr-B16-33']]]
[[-2, 2], [ 2,-4]]	clq-(0,2)-(0,2)-39-61fed833	SU(21) x SO(31)	vtx-A20-442-n2-0,vtx-B15-248-n4-n2	0,2	39	95	2	0	2	[ 0,-2]	[[-2, 2], [ 2,-4]]	(1) : 11 x (irr-A20-21),(2) : 2 x (irr-B15-31),(1,2) : 1 x (irr-A20-21, irr-B15-31)	(1, 2):[[1, ['irr-A20-21', 'irr-B15-31']]]; (1,):[[11, ['irr-A20-21']]]; (2,):[[2, ['irr-B15-31']]]
[[-2, 2], [ 2,-4]]	clq-(0,2)-(0,2)-42-0a68197b	SU(21) x SO(32)	vtx-A20-442-n2-0,vtx-D16-272-n4-n2	0,2	42	98	2	0	2	[ 0,-2]	[[-2, 2], [ 2,-4]]	(1) : 10 x (irr-A20-21),(2) : 3 x (irr-D16-32),(1,2) : 1 x (irr-A20-21, irr-D16-32)	(1, 2):[[1, ['irr-A20-21', 'irr-D16-32']]]; (1,):[[10, ['irr-A20-21']]]; (2,):[[3, ['irr-D16-32']]]
[[-2, 2], [ 2,-4]]	clq-(0,2)-(0,2)-46-87812d30	SU(21) x SO(33)	vtx-A20-442-n2-0,vtx-B16-297-n4-n2	0,2	46	102	2	0	2	[ 0,-2]	[[-2, 2], [ 2,-4]]	(1) : 9 x (irr-A20-21),(2) : 4 x (irr-B16-33),(1,2) : 1 x (irr-A20-21, irr-B16-33)	(1, 2):[[1, ['irr-A20-21', 'irr-B16-33']]]; (1,):[[9, ['irr-A20-21']]]; (2,):[[4, ['irr-B16-33']]]
[[-2, 2], [ 2,-4]]	clq-(0,2)-(0,2)-50-ff42510f	SU(22) x SO(30)	vtx-A21-485-n2-0,vtx-D15-225-n4-n2	0,2	50	106	2	0	2	[ 0,-2]	[[-2, 2], [ 2,-4]]	(1) : 14 x (irr-A21-22),(1,2) : 1 x (irr-A21-22, irr-D15-30)	(1, 2):[[1, ['irr-A21-22', 'irr-D15-30']]]; (1,):[[14, ['irr-A21-22']]]
[[-2, 2], [ 2,-4]]	clq-(0,2)-(0,2)-51-07cf4f17	SU(22) x SO(31)	vtx-A21-485-n2-0,vtx-B15-248-n4-n2	0,2	51	107	2	0	2	[ 0,-2]	[[-2, 2], [ 2,-4]]	(1) : 13 x (irr-A21-22),(2) : 1 x (irr-B15-31),(1,2) : 1 x (irr-A21-22, irr-B15-31)	(1, 2):[[1, ['irr-A21-22', 'irr-B15-31']]]; (1,):[[13, ['irr-A21-22']]]; (2,):[[1, ['irr-B15-31']]]
[[-2, 2], [ 2,-4]]	clq-(0,2)-(0,2)-53-c59473b3	SU(22) x SO(32)	vtx-A21-485-n2-0,vtx-D16-272-n4-n2	0,2	53	109	2	0	2	[ 0,-2]	[[-2, 2], [ 2,-4]]	(1) : 12 x (irr-A21-22),(2) : 2 x (irr-D16-32),(1,2) : 1 x (irr-A21-22, irr-D16-32)	(1, 2):[[1, ['irr-A21-22', 'irr-D16-32']]]; (1,):[[12, ['irr-A21-22']]]; (2,):[[2, ['irr-D16-32']]]
[[-2, 2], [ 2,-4]]	clq-(0,2)-(0,2)-56-1f4eab96	SU(22) x SO(33)	vtx-A21-485-n2-0,vtx-B16-297-n4-n2	0,2	56	112	2	0	2	[ 0,-2]	[[-2, 2], [ 2,-4]]	(1) : 11 x (irr-A21-22),(2) : 3 x (irr-B16-33),(1,2) : 1 x (irr-A21-22, irr-B16-33)	(1, 2):[[1, ['irr-A21-22', 'irr-B16-33']]]; (1,):[[11, ['irr-A21-22']]]; (2,):[[3, ['irr-B16-33']]]
[[-2, 2], [ 2,-4]]	clq-(0,2)-(0,2)-65-59a32f29	SU(23) x SO(31)	vtx-A22-530-n2-0,vtx-B15-248-n4-n2	0,2	65	121	2	0	2	[ 0,-2]	[[-2, 2], [ 2,-4]]	(1) : 15 x (irr-A22-23),(1,2) : 1 x (irr-A22-23, irr-B15-31)	(1, 2):[[1, ['irr-A22-23', 'irr-B15-31']]]; (1,):[[15, ['irr-A22-23']]]
[[-2, 2], [ 2,-4]]	clq-(0,2)-(0,2)-66-46c60e9b	SU(23) x SO(32)	vtx-A22-530-n2-0,vtx-D16-272-n4-n2	0,2	66	122	2	0	2	[ 0,-2]	[[-2, 2], [ 2,-4]]	(1) : 14 x (irr-A22-23),(2) : 1 x (irr-D16-32),(1,2) : 1 x (irr-A22-23, irr-D16-32)	(1, 2):[[1, ['irr-A22-23', 'irr-D16-32']]]; (1,):[[14, ['irr-A22-23']]]; (2,):[[1, ['irr-D16-32']]]
[[-2, 2], [ 2,-4]]	clq-(0,2)-(0,2)-68-187bf1c2	SU(23) x SO(33)	vtx-A22-530-n2-0,vtx-B16-297-n4-n2	0,2	68	124	2	0	2	[ 0,-2]	[[-2, 2], [ 2,-4]]	(1) : 13 x (irr-A22-23),(2) : 2 x (irr-B16-33),(1,2) : 1 x (irr-A22-23, irr-B16-33)	(1, 2):[[1, ['irr-A22-23', 'irr-B16-33']]]; (1,):[[13, ['irr-A22-23']]]; (2,):[[2, ['irr-B16-33']]]
[[-2, 2], [ 2,-4]]	clq-(0,2)-(0,2)-81-3b8c3730	SU(24) x SO(32)	vtx-A23-577-n2-0,vtx-D16-272-n4-n2	0,2	81	137	2	0	2	[ 0,-2]	[[-2, 2], [ 2,-4]]	(1) : 16 x (irr-A23-24),(1,2) : 1 x (irr-A23-24, irr-D16-32)	(1, 2):[[1, ['irr-A23-24', 'irr-D16-32']]]; (1,):[[16, ['irr-A23-24']]]
[[-2, 2], [ 2,-4]]	clq-(0,2)-(0,2)-82-70a9eb6e	SU(24) x SO(33)	vtx-A23-577-n2-0,vtx-B16-297-n4-n2	0,2	82	138	2	0	2	[ 0,-2]	[[-2, 2], [ 2,-4]]	(1) : 15 x (irr-A23-24),(2) : 1 x (irr-B16-33),(1,2) : 1 x (irr-A23-24, irr-B16-33)	(1, 2):[[1, ['irr-A23-24', 'irr-B16-33']]]; (1,):[[15, ['irr-A23-24']]]; (2,):[[1, ['irr-B16-33']]]
[[-2, 2], [ 2,-4]]	clq-(0,2)-(0,2)-98-e174f097	SU(25) x SO(33)	vtx-A24-626-n2-0,vtx-B16-297-n4-n2	0,2	98	154	2	0	2	[ 0,-2]	[[-2, 2], [ 2,-4]]	(1) : 17 x (irr-A24-25),(1,2) : 1 x (irr-A24-25, irr-B16-33)	(1, 2):[[1, ['irr-A24-25', 'irr-B16-33']]]; (1,):[[17, ['irr-A24-25']]]
