"catalog type"	"catalog id"	"id"	"list"	"29TH+H-V"	"gauge algebra"	"symmetry"	"H-String Weight"
"N10"	"1017"	1	"{3,1,3,2,2,1,{1,12},1,2,2,3,1,5,1,3,2,2,1,12,1,2,2,3,1,5,1,3,2,2,1,12,1,2,2,3,1,5,1,3,2,2,1,12,1,2,2,3,1,5,1,3,2,2,1,12,1,2,2,3,1,5,1,3,2,2,1,12,1,2,2,3,1,5,1,3,2,2,1,12,1,2,2,3,1,5,1,3,2,2,1,12,1,2,2,3,1,5,1,3,2,2,1,12,1,2,2,3,1,5,1,3,2,2,1,{1,12},1,2,2,3,1,5,1,3,2,2,1}"	486	"10 e8+10 f4+su(3)+21(g2+su(2))"	""	"{1, 3, 2, 3, 4, 5, 1, 1, 6, 5, 4, 3, 5, 2, 5, 3, 4, 5, 6, 1, 6, 5, 4, 3, 5, 2, 5, 3, 4, 5, 6, 1, 6, 5, 4, 3, 5, 2, 5, 3, 4, 5, 6, 1, 6, 5, 4, 3, 5, 2, 5, 3, 4, 5, 6, 1, 6, 5, 4, 3, 5, 2, 5, 3, 4, 5, 6, 1, 6, 5, 4, 3, 5, 2, 5, 3, 4, 5, 6, 1, 6, 5, 4, 3, 5, 2, 5, 3, 4, 5, 6, 1, 6, 5, 4, 3, 5, 2, 5, 3, 4, 5, 6, 1, 6, 5, 4, 3, 5, 2, 5, 3, 4, 5, 6, 1, 1, 5, 4, 3, 2, 3, 1, 2, 1, 1, 1, 1}"
"N10"	"1033"	2	"{1,3,2,2,1,{2,1,12},1,2,2,3,1,5,1,3,2,2,1,12,1,2,2,3,1,5,1,3,2,2,1,12,1,2,2,3,1,5,1,3,2,2,1,12,1,2,2,3,1,5,1,3,2,2,1,12,1,2,2,3,1,5,1,3,2,2,1,12,1,2,2,3,1,5,1,3,2,2,1,12,1,2,2,3,1,5,1,3,2,2,1,12,1,2,2,3,1,5,1,3,2,2,1,12,1,2,2,3,1,5,1,3,2,2,1,{1,12},1,2,2,3,1,5,1,3,2,2,1}"	494	"10 e8+10 f4+21(g2+su(2))"	""	"{1, 1, 2, 3, 4, 1, 2, 1, 6, 5, 4, 3, 5, 2, 5, 3, 4, 5, 6, 1, 6, 5, 4, 3, 5, 2, 5, 3, 4, 5, 6, 1, 6, 5, 4, 3, 5, 2, 5, 3, 4, 5, 6, 1, 6, 5, 4, 3, 5, 2, 5, 3, 4, 5, 6, 1, 6, 5, 4, 3, 5, 2, 5, 3, 4, 5, 6, 1, 6, 5, 4, 3, 5, 2, 5, 3, 4, 5, 6, 1, 6, 5, 4, 3, 5, 2, 5, 3, 4, 5, 6, 1, 6, 5, 4, 3, 5, 2, 5, 3, 4, 5, 6, 1, 6, 5, 4, 3, 5, 2, 5, 3, 4, 5, 6, 1, 1, 5, 4, 3, 2, 3, 1, 2, 1, 1, 1, 1}"
"N10"	"3246"	3	"{1,3,1,5,1,3,2,2,1,{1,12},1,2,2,3,1,5,1,3,2,2,1,12,1,2,2,3,1,5,1,3,2,2,1,12,1,2,2,3,1,5,1,3,2,2,1,12,1,2,2,3,1,5,1,3,2,2,1,12,1,2,2,3,1,5,1,3,2,2,1,12,1,2,2,3,1,5,1,3,2,2,1,12,1,2,2,3,1,5,1,3,2,2,1,12,1,2,2,3,1,5,1,3,2,2,1,12,1,2,2,3,1,5,1,3,2,2,1,12,1,2,2,3,1,5,1,2,3}"	434	"10 e8+11 f4+su(3)+21(g2+su(2))"	""	"{1, 1, 2, 1, 3, 2, 3, 4, 5, 1, 1, 6, 5, 4, 3, 5, 2, 5, 3, 4, 5, 6, 1, 6, 5, 4, 3, 5, 2, 5, 3, 4, 5, 6, 1, 6, 5, 4, 3, 5, 2, 5, 3, 4, 5, 6, 1, 6, 5, 4, 3, 5, 2, 5, 3, 4, 5, 6, 1, 6, 5, 4, 3, 5, 2, 5, 3, 4, 5, 6, 1, 6, 5, 4, 3, 5, 2, 5, 3, 4, 5, 6, 1, 6, 5, 4, 3, 5, 2, 5, 3, 4, 5, 6, 1, 6, 5, 4, 3, 5, 2, 5, 3, 4, 5, 6, 1, 6, 5, 4, 3, 5, 2, 5, 3, 4, 5, 6, 1, 6, 5, 4, 3, 5, 2, 5, 3, 1}"
"N10"	"3256"	4	"{1,2,2,3,1,5,1,3,2,2,1,{1,12},1,2,2,3,1,5,1,3,2,2,1,12,1,2,2,3,1,5,1,3,2,2,1,12,1,2,2,3,1,5,1,3,2,2,1,12,1,2,2,3,1,5,1,3,2,2,1,12,1,2,2,3,1,5,1,3,2,2,1,12,1,2,2,3,1,5,1,3,2,2,1,12,1,2,2,3,1,5,1,3,2,2,1,12,1,2,2,3,1,5,1,3,2,2,1,12,1,2,2,3,1,5,1,3,2,2,1,12,1,2,2,3,1,3,2}"	485	"10 e8+10 f4+22(g2+su(2))"	""	"{1, 1, 1, 1, 2, 1, 3, 2, 3, 4, 5, 1, 1, 6, 5, 4, 3, 5, 2, 5, 3, 4, 5, 6, 1, 6, 5, 4, 3, 5, 2, 5, 3, 4, 5, 6, 1, 6, 5, 4, 3, 5, 2, 5, 3, 4, 5, 6, 1, 6, 5, 4, 3, 5, 2, 5, 3, 4, 5, 6, 1, 6, 5, 4, 3, 5, 2, 5, 3, 4, 5, 6, 1, 6, 5, 4, 3, 5, 2, 5, 3, 4, 5, 6, 1, 6, 5, 4, 3, 5, 2, 5, 3, 4, 5, 6, 1, 6, 5, 4, 3, 5, 2, 5, 3, 4, 5, 6, 1, 6, 5, 4, 3, 5, 2, 5, 3, 4, 5, 6, 1, 6, 5, 4, 3, 5, 2, 1}"
"N11"	"439"	5	"{1,2,3,1,5,1,3,2,2,1,{1,12},1,2,2,3,1,5,1,3,2,2,1,12,1,2,2,3,1,5,1,3,2,2,1,12,1,2,2,3,1,5,1,3,2,2,1,12,1,2,2,3,1,5,1,3,2,2,1,12,1,2,2,3,1,5,1,3,2,2,1,12,1,2,2,3,1,5,1,3,2,2,1,12,1,2,2,3,1,5,1,3,2,2,1,12,1,2,2,3,1,5,1,3,2,2,1,12,1,2,2,3,1,5,1,3,2,2,1,{1,12},1,2,2,3,1,4,1}"	466	"10 e8+10 f4+so(8)+21(g2+su(2))"	""	"{1, 1, 1, 2, 1, 3, 2, 3, 4, 5, 1, 1, 6, 5, 4, 3, 5, 2, 5, 3, 4, 5, 6, 1, 6, 5, 4, 3, 5, 2, 5, 3, 4, 5, 6, 1, 6, 5, 4, 3, 5, 2, 5, 3, 4, 5, 6, 1, 6, 5, 4, 3, 5, 2, 5, 3, 4, 5, 6, 1, 6, 5, 4, 3, 5, 2, 5, 3, 4, 5, 6, 1, 6, 5, 4, 3, 5, 2, 5, 3, 4, 5, 6, 1, 6, 5, 4, 3, 5, 2, 5, 3, 4, 5, 6, 1, 6, 5, 4, 3, 5, 2, 5, 3, 4, 5, 6, 1, 6, 5, 4, 3, 5, 2, 5, 3, 4, 5, 6, 1, 1, 5, 4, 3, 2, 3, 1, 1}"
"N11"	"3337"	6	"{1,2,3,1,5,1,3,2,2,1,{1,12},1,2,2,3,1,5,1,3,2,2,1,12,1,2,2,3,1,5,1,3,2,2,1,12,1,2,2,3,1,5,1,3,2,2,1,12,1,2,2,3,1,5,1,3,2,2,1,12,1,2,2,3,1,5,1,3,2,2,1,12,1,2,2,3,1,5,1,3,2,2,1,12,1,2,2,3,1,5,1,3,2,2,1,12,1,2,2,3,1,5,1,3,2,2,1,12,1,2,2,3,1,5,1,3,2,2,1,12,1,2,2,3,1,4,1,3}"	458	"10 e8+10 f4+so(8)+su(3)+21(g2+su(2))"	""	"{1, 1, 1, 2, 1, 3, 2, 3, 4, 5, 1, 1, 6, 5, 4, 3, 5, 2, 5, 3, 4, 5, 6, 1, 6, 5, 4, 3, 5, 2, 5, 3, 4, 5, 6, 1, 6, 5, 4, 3, 5, 2, 5, 3, 4, 5, 6, 1, 6, 5, 4, 3, 5, 2, 5, 3, 4, 5, 6, 1, 6, 5, 4, 3, 5, 2, 5, 3, 4, 5, 6, 1, 6, 5, 4, 3, 5, 2, 5, 3, 4, 5, 6, 1, 6, 5, 4, 3, 5, 2, 5, 3, 4, 5, 6, 1, 6, 5, 4, 3, 5, 2, 5, 3, 4, 5, 6, 1, 6, 5, 4, 3, 5, 2, 5, 3, 4, 5, 6, 1, 6, 5, 4, 3, 5, 2, 3, 1}"
"N11"	"3426"	7	"{2,2,2,2,1,{1,12},1,2,2,3,1,5,1,3,2,2,1,12,1,2,2,3,1,5,1,3,2,2,1,12,1,2,2,3,1,5,1,3,2,2,1,12,1,2,2,3,1,5,1,3,2,2,1,12,1,2,2,3,1,5,1,3,2,2,1,12,1,2,2,3,1,5,1,3,2,2,1,12,1,2,2,3,1,5,1,3,2,2,1,12,1,2,2,3,1,5,1,3,2,2,1,12,1,2,2,3,1,5,1,3,2,2,1,12,1,2,2,3,1,5,1,3,1,6,1,3,1}"	418	"10 e8+e6+10 f4+2 su(3)+19(g2+su(2))"	""	"{1, 2, 3, 4, 5, 1, 1, 6, 5, 4, 3, 5, 2, 5, 3, 4, 5, 6, 1, 6, 5, 4, 3, 5, 2, 5, 3, 4, 5, 6, 1, 6, 5, 4, 3, 5, 2, 5, 3, 4, 5, 6, 1, 6, 5, 4, 3, 5, 2, 5, 3, 4, 5, 6, 1, 6, 5, 4, 3, 5, 2, 5, 3, 4, 5, 6, 1, 6, 5, 4, 3, 5, 2, 5, 3, 4, 5, 6, 1, 6, 5, 4, 3, 5, 2, 5, 3, 4, 5, 6, 1, 6, 5, 4, 3, 5, 2, 5, 3, 4, 5, 6, 1, 6, 5, 4, 3, 5, 2, 5, 3, 4, 5, 6, 1, 6, 5, 4, 3, 5, 2, 5, 3, 4, 1, 2, 1, 1}"
"N11"	"3437"	8	"{2,2,2,1,{{2,1},12},1,2,2,3,1,5,1,3,2,2,1,12,1,2,2,3,1,5,1,3,2,2,1,12,1,2,2,3,1,5,1,3,2,2,1,12,1,2,2,3,1,5,1,3,2,2,1,12,1,2,2,3,1,5,1,3,2,2,1,12,1,2,2,3,1,5,1,3,2,2,1,12,1,2,2,3,1,5,1,3,2,2,1,12,1,2,2,3,1,5,1,3,2,2,1,12,1,2,2,3,1,5,1,3,2,2,1,12,1,2,2,3,1,5,1,3,1,6,1,3,1}"	418	"10 e8+e6+10 f4+2 su(3)+19(g2+su(2))"	""	"{1, 2, 3, 4, 1, 2, 1, 6, 5, 4, 3, 5, 2, 5, 3, 4, 5, 6, 1, 6, 5, 4, 3, 5, 2, 5, 3, 4, 5, 6, 1, 6, 5, 4, 3, 5, 2, 5, 3, 4, 5, 6, 1, 6, 5, 4, 3, 5, 2, 5, 3, 4, 5, 6, 1, 6, 5, 4, 3, 5, 2, 5, 3, 4, 5, 6, 1, 6, 5, 4, 3, 5, 2, 5, 3, 4, 5, 6, 1, 6, 5, 4, 3, 5, 2, 5, 3, 4, 5, 6, 1, 6, 5, 4, 3, 5, 2, 5, 3, 4, 5, 6, 1, 6, 5, 4, 3, 5, 2, 5, 3, 4, 5, 6, 1, 6, 5, 4, 3, 5, 2, 5, 3, 4, 1, 2, 1, 1}"
"N11"	"3438"	9	"{2,2,1,{{2,2,1},12},1,2,2,3,1,5,1,3,2,2,1,12,1,2,2,3,1,5,1,3,2,2,1,12,1,2,2,3,1,5,1,3,2,2,1,12,1,2,2,3,1,5,1,3,2,2,1,12,1,2,2,3,1,5,1,3,2,2,1,12,1,2,2,3,1,5,1,3,2,2,1,12,1,2,2,3,1,5,1,3,2,2,1,12,1,2,2,3,1,5,1,3,2,2,1,12,1,2,2,3,1,5,1,3,2,2,1,12,1,2,2,3,1,5,1,3,1,6,1,3,1}"	418	"10 e8+e6+10 f4+2 su(3)+19(g2+su(2))"	""	"{1, 2, 3, 1, 2, 3, 1, 6, 5, 4, 3, 5, 2, 5, 3, 4, 5, 6, 1, 6, 5, 4, 3, 5, 2, 5, 3, 4, 5, 6, 1, 6, 5, 4, 3, 5, 2, 5, 3, 4, 5, 6, 1, 6, 5, 4, 3, 5, 2, 5, 3, 4, 5, 6, 1, 6, 5, 4, 3, 5, 2, 5, 3, 4, 5, 6, 1, 6, 5, 4, 3, 5, 2, 5, 3, 4, 5, 6, 1, 6, 5, 4, 3, 5, 2, 5, 3, 4, 5, 6, 1, 6, 5, 4, 3, 5, 2, 5, 3, 4, 5, 6, 1, 6, 5, 4, 3, 5, 2, 5, 3, 4, 5, 6, 1, 6, 5, 4, 3, 5, 2, 5, 3, 4, 1, 2, 1, 1}"
"N11"	"7563"	10	"{1,3,1,6,1,3,1,5,1,3,2,2,1,12,1,2,2,3,1,5,1,3,2,2,1,12,1,2,2,3,1,5,1,3,2,2,1,12,1,2,2,3,1,5,1,3,2,2,1,12,1,2,2,3,1,5,1,3,2,2,1,12,1,2,2,3,1,5,1,3,2,2,1,12,1,2,2,3,1,5,1,3,2,2,1,12,1,2,2,3,1,5,1,3,2,2,1,12,1,2,2,3,1,5,1,3,2,2,1,12,1,2,2,3,1,5,1,3,2,2,1,12,1,2,2,2,2,2}"	418	"10 e8+e6+10 f4+2 su(3)+19(g2+su(2))"	""	"{1, 1, 2, 1, 4, 3, 5, 2, 5, 3, 4, 5, 6, 1, 6, 5, 4, 3, 5, 2, 5, 3, 4, 5, 6, 1, 6, 5, 4, 3, 5, 2, 5, 3, 4, 5, 6, 1, 6, 5, 4, 3, 5, 2, 5, 3, 4, 5, 6, 1, 6, 5, 4, 3, 5, 2, 5, 3, 4, 5, 6, 1, 6, 5, 4, 3, 5, 2, 5, 3, 4, 5, 6, 1, 6, 5, 4, 3, 5, 2, 5, 3, 4, 5, 6, 1, 6, 5, 4, 3, 5, 2, 5, 3, 4, 5, 6, 1, 6, 5, 4, 3, 5, 2, 5, 3, 4, 5, 6, 1, 6, 5, 4, 3, 5, 2, 5, 3, 4, 5, 6, 1, 6, 5, 4, 3, 2, 1}"
"N11"	"7695"	11	"{1,3,2,1,8,1,2,3,1,5,1,3,2,2,1,12,1,2,2,3,1,5,1,3,2,2,1,12,1,2,2,3,1,5,1,3,2,2,1,12,1,2,2,3,1,5,1,3,2,2,1,12,1,2,2,3,1,5,1,3,2,2,1,12,1,2,2,3,1,5,1,3,2,2,1,12,1,2,2,3,1,5,1,3,2,2,1,12,1,2,2,3,1,5,1,3,2,2,1,12,1,2,2,3,1,5,1,3,2,2,1,12,1,2,2,3,1,5,1,3,2,1,8,1,2,3,2,1}"	465	"9 e8+2 e7+10 f4+21(g2+su(2))+so(7)+2 su(2)"	""	"{1, 1, 2, 3, 1, 5, 4, 3, 5, 2, 5, 3, 4, 5, 6, 1, 6, 5, 4, 3, 5, 2, 5, 3, 4, 5, 6, 1, 6, 5, 4, 3, 5, 2, 5, 3, 4, 5, 6, 1, 6, 5, 4, 3, 5, 2, 5, 3, 4, 5, 6, 1, 6, 5, 4, 3, 5, 2, 5, 3, 4, 5, 6, 1, 6, 5, 4, 3, 5, 2, 5, 3, 4, 5, 6, 1, 6, 5, 4, 3, 5, 2, 5, 3, 4, 5, 6, 1, 6, 5, 4, 3, 5, 2, 5, 3, 4, 5, 6, 1, 6, 5, 4, 3, 5, 2, 5, 3, 4, 5, 6, 1, 6, 5, 4, 3, 5, 2, 5, 3, 4, 5, 1, 3, 2, 1, 1, 1}"
