generator_pattern,n_blocks,percent_of_total,n_combos
su2+su2+su2,849343,8.8246,520
su2+su2+su2+su2,675063,7.0138,431
su2+su2+su3,618238,6.4234,361
su2+su2+su2+su3,599164,6.2252,321
su2+su2,520943,5.4125,509
g2+su2+su2+su2,369817,3.8424,521
g2+su2+su2,272201,2.8281,605
su2+su2+su2+su2+su3,266374,2.7676,255
su2+su2+su2+su2+su2,258748,2.6884,333
su2+su3,251013,2.6080,285
g2+su2+su2+su2+su2,223318,2.3202,306
su2+su2+su3+su3,213677,2.2201,207
su2,172785,1.7952,378
g2+su2+su2+su3,164268,1.7067,291
so8+su2+su2,163277,1.6964,314
g2+su2+su2+su2+su3,147379,1.5313,202
su2+su3+su3,147358,1.5310,190
so8+su2+su2+su2,127255,1.3222,282
su2+su2+su2+su3+su3,124014,1.2885,171
so8+su2,90810,0.9435,282
so8+su2+su2+su3,90516,0.9405,180
so7+su2+su2+su2+su2,86114,0.8947,138
g2+sp1+su2+su2,76723,0.7971,162
so7+su2+su2+su2,76654,0.7964,140
so8+su2+su3,72637,0.7547,174
g2+su2,72569,0.7540,493
g2+su2+su2+su2+su2+su2,71679,0.7447,176
su2+su2+su2+su2+su2+su3,65650,0.6821,143
f4+su2+su2,59964,0.6230,317
so8+su2+su2+su2+su2,57337,0.5957,186
g2+su2+su2+su2+su2+su3,57270,0.5950,131
su2+su2+su2+su2+su2+su2,56848,0.5906,207
g2+su2+su3,54077,0.5619,304
g2+sp1+su2+su2+su2,51161,0.5316,107
f4+su2,48618,0.5051,280
g2+sp1+su2,47158,0.4900,157
so8+su2+su2+su2+su3,46072,0.4787,131
e6+su2+su2,45708,0.4749,308
e7+su2+su2,44529,0.4627,659
f4+su2+su2+su2,42411,0.4406,265
so7+su2+su2+su2+su2+su2,41711,0.4334,96
g2+so8+su2+su2,38258,0.3975,232
(none),37887,0.3936,188
su2+su2+su2+su2+su3+su3,37180,0.3863,111
e7+su2+su2+su2,36728,0.3816,533
so7+su2+su2+su2+su3,36455,0.3788,64
e6+su2,35903,0.3730,288
g2+su2+su2+su3+su3,35526,0.3691,118
g2+g2+su2+su2+su2,34675,0.3603,184
su2+su3+su3+su3,34245,0.3558,104
e6+su2+su2+su2,33060,0.3435,248
g2+sp1+su2+su2+su3,32056,0.3331,72
f4+su2+su3,31855,0.3310,180
f4+su2+su2+su3,31714,0.3295,170
e7+su2,31547,0.3278,572
su2+su2+su3+su3+su3,31217,0.3243,96
g2+sp1+su2+su3,29007,0.3014,78
g2+so8+su2+su2+su2,28103,0.2920,149
e7+su2+su2+su3,25877,0.2689,349
e6+su2+su3,25757,0.2676,173
e7+su2+su3,25073,0.2605,394
so7+su2+su2+su2+su2+su3,25062,0.2604,64
e6+su2+su2+su3,24700,0.2566,159
g2+su2+su2+su2+su3+su3,22147,0.2301,93
g2+g2+su2+su2,21751,0.2260,255
g2+g2+su2+su2+su2+su2,20914,0.2173,108
so8+su2+su3+su3,20476,0.2127,103
f4+su2+su2+su2+su2,19928,0.2070,161
su3,19070,0.1981,150
so7+su2+su2,19037,0.1978,114
su3+su3,18889,0.1963,108
e7+su2+su2+su2+su2,18562,0.1929,362
g2+sp1+su2+su2+su2+su2,18360,0.1908,75
g2+so8+su2,17660,0.1835,255
g2+su2+su3+su3,17565,0.1825,159
so8+su2+su2+su3+su3,15833,0.1645,84
f4+so8+su2,15756,0.1637,180
g2+su2+su2+su2+su2+su2+su2,15370,0.1597,94
e6+su2+su2+su2+su2,15311,0.1591,157
so8+so8+su2,15208,0.1580,175
so8+su2+su2+su2+su2+su2,15042,0.1563,99
so7+su2+su2+su3,14854,0.1543,44
g2+sp1+su2+su2+su2+su3,14587,0.1516,49
f4+su2+su2+su2+su3,14548,0.1512,120
g2+g2+sp1+su2+su2,14074,0.1462,82
g2+su2+su2+su2+su2+su2+su3,13495,0.1402,68
su2+su2+su2+su3+su3+su3,13402,0.1392,77
f4+g2+su2+su2,13258,0.1377,176
g2+so7+su2+su2+su2+su2,12950,0.1345,64
so8+so8+su2+su2,12718,0.1321,147
so8+su2+su2+su2+su2+su3,12459,0.1294,81
e6+so8+su2,12119,0.1259,170
su2+su2+su2+su2+su2+su2+su3,12100,0.1257,88
e7+su2+su2+su2+su3,11898,0.1236,287
e7+g2+su2+su2,11589,0.1204,343
g2+g2+sp1+su2+su2+su2,11421,0.1187,46
g2+so8+su2+su2+su3,11356,0.1180,87
so7+su2+su2+su2+su2+su2+su2,10809,0.1123,56
e6+g2+su2+su2,10698,0.1112,155
e7+so8+su2,10562,0.1097,376
e6+su2+su2+su2+su3,10463,0.1087,124
g2+g2+su2+su2+su2+su3,10336,0.1074,62
su2+su2+su2+su2+su2+su2+su2,10226,0.1062,108
f4+g2+su2,10121,0.1052,221
g2+so7+su2+su2+su2,9561,0.0993,80
e8+su2+su2,9462,0.0983,360
g2+so8+su2+su2+su2+su2,9410,0.0978,86
e7+g2+su2,9177,0.0953,353
e7+su2+su3+su3,8574,0.0891,278
f4+su2+su3+su3,8513,0.0884,114
g2+g2+su2+su2+su3,8497,0.0883,88
su2+su2+su2+su2+su2+su3+su3,8332,0.0866,65
e6+g2+su2,8308,0.0863,168
so7+so8+su2+su2+su2,8247,0.0857,53
e8+su2+su2+su2,8224,0.0854,268
su3+su3+su3,8087,0.0840,64
f4+g2+su2+su2+su2,7947,0.0826,113
f4+so8+su2+su2,7736,0.0804,128
so7+su2+su2+su2+su2+su2+su3,7461,0.0775,34
e6+su2+su3+su3,7331,0.0762,115
g2+g2+su2,7156,0.0744,239
so8+su3,7096,0.0737,95
g2+sp1+su2+su3+su3,7057,0.0733,30
g2+so8+sp1+su2+su2,6932,0.0720,53
g2+su2+su2+su2+su2+su3+su3,6921,0.0719,51
g2+sp1,6728,0.0699,87
g2+so8+sp1+su2,6540,0.0679,61
g2+g2+su2+su2+su2+su2+su2,6385,0.0663,49
so7+su2+su2+su2+su3+su3,6277,0.0652,27
g2+so8+su2+su3,6231,0.0647,94
e6+f4+su2,6104,0.0634,143
e8+su2+su2+su3,6042,0.0628,209
g2+so7+su2+su2+su2+su2+su2,6008,0.0624,38
e7+su2+su2+su2+su2+su2,5981,0.0621,272
e7+g2+su2+su2+su2,5981,0.0621,257
e7,5964,0.0620,331
g2+g2+sp1+su2,5921,0.0615,98
g2+sp1+su3,5842,0.0607,58
g2+sp1+su2+su2+su3+su3,5773,0.0600,32
e8+su2,5688,0.0591,328
f4+su2+su2+su2+su2+su2,5612,0.0583,103
g2+so8+su2+su2+su2+su3,5556,0.0577,58
so8,5504,0.0572,150
e6+g2+su2+su2+su2,5503,0.0572,102
e6+so8+su2+su2,5497,0.0571,128
g2+g2+sp1+su2+su2+su3,5483,0.0570,28
so8+su2+su2+su2+su3+su3,5479,0.0569,54
e8+su2+su3,5397,0.0561,236
e7+so8+su2+su2,5382,0.0559,268
f4+su2+su2+su3+su3,5323,0.0553,79
f4,5178,0.0538,155
e7+f4+su2,5028,0.0522,290
g2+sp1+su2+su2+su2+su2+su2,4745,0.0493,40
g2+su2+su2+su3+su3+su3,4611,0.0479,44
so8+su3+su3,4555,0.0473,68
so8+so8+su2+su2+su2,4538,0.0471,96
su2+su3+su3+su3+su3,4503,0.0468,43
e8+su2+su2+su2+su2,4483,0.0466,209
f4+f4+su2,4440,0.0461,132
so7+so8+su2+su2+su2+su2,4427,0.0460,44
g2,4323,0.0449,169
so7+su2+su2+su3+su3,4310,0.0448,23
e6+su2+su2+su2+su2+su2,4251,0.0442,109
g2+sp1+su2+su2+su2+su2+su3,4204,0.0437,29
e7+su2+su2+su3+su3,4194,0.0436,221
g2+g2+su2+su2+su2+su2+su3,4192,0.0436,32
so7+so8+su2+su2,4178,0.0434,32
g2+g2+sp1+su2+su2+su2+su2,4161,0.0432,30
e7+su3,4139,0.0430,248
e7+g2+sp1+su2,4054,0.0421,211
su2+su2+su2+su2+su3+su3+su3,3974,0.0413,48
e6+su2+su2+su3+su3,3835,0.0398,85
g2+su3,3811,0.0396,161
e6,3780,0.0393,157
f4+su3,3693,0.0384,105
e6+su3,3667,0.0381,111
f4+su2+su2+su2+su2+su3,3534,0.0367,68
g2+so7+su2+su2+su2+su3,3443,0.0358,28
so8+so8+su2+su3,3438,0.0357,48
g2+so7+sp1+su2+su2+su2,3296,0.0342,16
f4+g2+su2+su2+su3,3284,0.0341,67
g2+g2+sp1+su2+su3,3202,0.0333,33
su2+su2+su3+su3+su3+su3,3186,0.0331,45
e6+e7+su2,3156,0.0328,205
g2+su2+su3+su3+su3,3122,0.0324,59
e8+g2+su2+su2,3095,0.0322,188
f4+g2+sp1+su2,3066,0.0319,81
g2+so8+sp1+su2+su3,3034,0.0315,25
g2+su2+su2+su2+su2+su2+su2+su2,3021,0.0314,37
g2+so8+sp1+su2+su2+su2,2946,0.0306,33
e8+su2+su2+su2+su3,2945,0.0306,162
so7+su2+su2+su2+su2+su3+su3,2858,0.0297,26
e7+su2+su2+su2+su2+su3,2842,0.0295,201
e6+g2+sp1+su2,2765,0.0287,84
so8+su2+su2+su2+su2+su2+su2,2751,0.0286,52
so8+su2+su3+su3+su3,2690,0.0279,36
e7+g2+su2+su3,2619,0.0272,188
g2+so7+su2+su2+su2+su2+su3,2599,0.0270,17
g2+g2+sp1+su2+su2+su2+su3,2580,0.0268,19
e7+su3+su3,2541,0.0264,176
g2+su2+su2+su2+su2+su2+su2+su3,2514,0.0261,19
f4+g2+sp1+su2+su2,2479,0.0258,56
su2+su2+su2+su2+su2+su2+su2+su3,2412,0.0251,40
e6+su2+su2+su2+su2+su3,2408,0.0250,75
f4+g2+su2+su3,2398,0.0249,93
e7+g2+sp1+su2+su2,2384,0.0248,169
so8+su2+su2+su2+su2+su2+su3,2336,0.0243,36
g2+su2+su2+su2+su3+su3+su3,2335,0.0243,31
f4+g2+su2+su2+su2+su2,2316,0.0241,56
f4+so7+su2+su2+su2,2274,0.0236,43
so7+su2+su2+su2+su2+su2+su2+su2,2273,0.0236,24
e6+e6+su2,2255,0.0234,94
so8+so8+su2+su2+su3,2234,0.0232,60
g2+sp1+su2+su2+su2+su3+su3,2198,0.0228,22
e6+g2+su2+su2+su3,2197,0.0228,64
e8+su2+su3+su3,2168,0.0225,171
su2+su2+su2+su2+su2+su2+su2+su2,2164,0.0225,49
g2+sp1+su3+su3,2155,0.0224,30
e6+su3+su3,2113,0.0220,77
e6+g2+su2+su3,2103,0.0218,84
e8+g2+su2,2098,0.0218,177
g2+so8+su2+su2+su2+su2+su2,2064,0.0214,37
g2+so7+sp1+su2+su2+su2+su2,2050,0.0213,15
e8+so8+su2,2032,0.0211,214
f4+su3+su3,2014,0.0209,74
g2+so8+sp1+su2+su2+su3,1980,0.0206,21
e7+g2+sp1,1971,0.0205,144
e7+g2+su2+su2+su3,1959,0.0204,151
f4+so8+su2+su2+su2,1945,0.0202,65
f4+so8+su2+su3,1927,0.0200,52
g2+g2+su2+su3,1925,0.0200,101
su3+su3+su3+su3,1896,0.0197,30
e7+so7+su2+su2,1891,0.0196,85
e7+so7+su2+su2+su2,1883,0.0196,105
e6+g2+sp1+su2+su2,1857,0.0193,59
e7+so8,1806,0.0188,251
g2+g2+su2+su2+su3+su3,1798,0.0187,23
su2+su2+su2+su2+su2+su2+su3+su3,1774,0.0184,25
e8+su2+su2+su2+su2+su2,1748,0.0182,162
e7+f4,1726,0.0179,277
g2+so8+sp1,1694,0.0176,46
g2+so8+su2+su2+su3+su3,1666,0.0173,26
so7+so8+su2+su2+su2+su3,1664,0.0173,19
g2+su3+su3,1656,0.0172,90
e6+so7+su2+su2,1655,0.0172,39
e6+so7+su2+su2+su2,1654,0.0172,42
g2+g2+sp1+sp1+su2+su2,1654,0.0172,21
so7+so8+su2+su2+su3,1650,0.0171,19
so7+su2+su2+su2+su2+su2+su2+su3,1624,0.0169,18
f4+so7+su2+su2,1608,0.0167,32
g2+g2+so8+su2+su2,1596,0.0166,50
e8+g2+su2+su2+su2,1543,0.0160,131
so8+su2+su2+su3+su3+su3,1539,0.0160,34
g2+g2+so8+su2+su2+su2,1530,0.0159,30
e6+g2+su2+su2+su2+su2,1484,0.0154,55
e7+so8+su2+su3,1465,0.0152,135
g2+so8+su2+su2+su2+su2+su3,1459,0.0152,23
e6+so8+su2+su3,1456,0.0151,54
f4+so8,1434,0.0149,109
g2+so7+sp1+su2+su2,1429,0.0148,14
g2+g2+su2+su2+su2+su3+su3,1394,0.0145,18
g2+so8+su2+su3+su3,1387,0.0144,40
e6+e7,1375,0.0143,274
g2+su2+su2+su2+su2+su2+su3+su3,1356,0.0141,16
f4+su2+su2+su2+su3+su3,1353,0.0141,48
g2+so7+su2+su2,1345,0.0140,46
g2+so8,1338,0.0139,135
f4+g2+sp1,1319,0.0137,63
e7+g2+su2+su2+su2+su2,1317,0.0137,124
so8+su2+su2+su2+su2+su3+su3,1308,0.0136,30
g2+g2+sp1+sp1+su2,1302,0.0135,28
e7+su2+su2+su2+su2+su2+su2,1296,0.0135,176
su2+su2+su2+su3+su3+su3+su3,1290,0.0134,25
g2+sp1+su2+su2+su2+su2+su2+su2,1283,0.0133,14
g2+g2+su2+su2+su2+su2+su2+su2,1274,0.0132,18
e8+g2+sp1+su2,1267,0.0132,148
e8,1266,0.0132,196
g2+so7+su2+su2+su2+su2+su2+su2,1261,0.0131,15
e6+f4+su2+su2,1258,0.0131,75
e7+g2,1254,0.0130,253
g2+g2+g2+su2+su2+su2,1253,0.0130,22
g2+g2+sp1,1235,0.0128,66
g2+sp1+su2+su3+su3+su3,1234,0.0128,19
e7+so8+su2+su2+su2,1224,0.0127,152
f4+f4+su2+su2,1218,0.0127,79
e8+so8+su2+su2,1217,0.0126,143
e8+su3,1212,0.0126,162
e6+so8+su2+su2+su2,1206,0.0125,62
e7+e7,1203,0.0125,377
e6+g2+sp1,1182,0.0123,64
e6+so8,1167,0.0121,116
so8+su3+su3+su3,1161,0.0121,24
f4+g2,1147,0.0119,129
so7+so7+su2+su2+su2+su2,1134,0.0118,11
so8+so8+su2+su2+su2+su2,1123,0.0117,55
e6+f4,1118,0.0116,125
f4+g2+sp1+su2+su3,1112,0.0116,27
f4+g2+su2+su2+su2+su3,1105,0.0115,39
so7+so7+su2+su2+su2+su2+su2,1102,0.0114,15
g2+sp1+su2+su2+su2+su2+su2+su3,1093,0.0114,8
g2+so8+so8+su2+su2,1062,0.0110,41
e8+su2+su2+su3+su3,1054,0.0110,124
so7+so8+su2+su2+su2+su2+su2,1054,0.0110,25
f4+so7+su2+su2+su2+su2,1046,0.0109,23
e7+e7+su2,1036,0.0108,266
f4+su2+su2+su2+su2+su2+su2,1009,0.0105,55
e7+f4+su2+su2,1002,0.0104,132
e7+g2+sp1+su2+su3,996,0.0103,95
g2+g2+sp1+su2+su2+su2+su2+su2,994,0.0103,8
g2+g2+so8+sp1+su2+su2,988,0.0103,19
so8+so8,976,0.0101,96
e8+f4+su2,951,0.0099,139
g2+so8+sp1+su3,939,0.0098,24
f4+so8+su2+su2+su3,931,0.0097,38
f4+g2+sp1+su2+su2+su2,931,0.0097,34
su16,911,0.0095,84
su2+su2+su2+su2+su2+su3+su3+su3,899,0.0093,15
g2+g2+sp1+su2+su2+su3+su3,899,0.0093,13
g2+g2+sp1+su2+su3+su3,884,0.0092,14
e8+su3+su3,883,0.0092,126
g2+g2+g2+sp1+su2+su2,880,0.0091,13
g2+so7+sp1+su2+su2+su2+su3,880,0.0091,9
e7+g2+sp1+su3,879,0.0091,102
e6+su2+su2+su2+su3+su3,872,0.0091,50
e7+su2+su2+su2+su3+su3,862,0.0090,126
e8+su2+su2+su2+su2+su3,860,0.0089,112
g2+g2+sp1+sp1+su2+su2+su2,853,0.0089,11
f4+su2+su3+su3+su3,838,0.0087,40
g2+g2+g2+su2+su2+su2+su2,836,0.0087,16
e6+g2+sp1+su2+su3,834,0.0087,37
g2+g2+sp1+sp1+su2+su3,829,0.0086,12
g2+g2+su2+su2+su2+su2+su2+su3,824,0.0086,13
e6+g2,820,0.0085,125
g2+g2+g2+sp1+su2+su2+su2,809,0.0084,10
e8+g2+su2+su3,802,0.0083,100
so8+so8+su3,802,0.0083,33
e6+su2+su2+su2+su2+su2+su2,796,0.0083,62
f4+f4,788,0.0082,115
g2+sp1+su2+su2+su3+su3+su3,785,0.0082,12
g2+g2,773,0.0080,131
e7+so8+su3,739,0.0077,127
e8+g2+sp1+su2+su2,737,0.0077,107
g2+g2+so8+sp1+su2,737,0.0077,20
g2+so7+sp1+su2+su2+su3,730,0.0076,8
g2+so8+sp1+su2+su2+su2+su2,728,0.0076,19
e8+so7+su2+su2,716,0.0074,69
e7+g2+sp1+su2+su2+su2,711,0.0074,92
so7+su2,704,0.0073,84
so7+su2+su2+su2+su2+su2+su3+su3,689,0.0072,11
e6+g2+su2+su2+su2+su3,687,0.0071,32
e7+su2+su3+su3+su3,682,0.0071,110
so7+su2+su2+su3+su3+su3,681,0.0071,10
e6+so7+su2+su2+su2+su2,665,0.0069,19
e6+so8+su3,660,0.0069,52
so7+su2+su2+su2+su3+su3+su3,659,0.0068,13
e6+su2+su3+su3+su3,652,0.0068,40
g2+g2+sp1+su2+su2+su2+su2+su3,636,0.0066,9
e6+g2+sp1+su2+su2+su2,635,0.0066,38
g2+so7+su2+su2+su2+su2+su2+su3,632,0.0066,13
f4+so8+su3,617,0.0064,43
so8+so8+su2+su2+su2+su3,611,0.0063,28
e7+su3+su3+su3,605,0.0063,95
g2+so8+so8+su2,596,0.0062,45
e8+so7+su2+su2+su2,591,0.0061,77
g2+sp1+su2+su2+su2+su2+su3+su3,590,0.0061,7
g2+g2+sp1+sp1+su2+su2+su3,587,0.0061,9
e8+g2+sp1,585,0.0061,91
g2+so8+su2+su2+su2+su3+su3,582,0.0060,17
g2+so7+so8+su2+su2+su2,571,0.0059,14
g2+su2+su2+su2+su2+su2+su2+su2+su2,570,0.0059,10
g2+so7+sp1+su2+su2+su2+su2+su2,561,0.0058,5
g2+so8+sp1+su2+su2+su2+su3,559,0.0058,13
so7+so8+su2+su2+su2+su2+su3,555,0.0058,15
e8+su2+su2+su2+su2+su2+su2,551,0.0057,104
f4+g2+sp1+su3,539,0.0056,33
g2+so8+sp1+su2+su3+su3,534,0.0055,13
g2+su2+su2+su2+su2+su3+su3+su3,531,0.0055,12
so8+su2+su2+su2+su2+su2+su2+su2,522,0.0054,19
e6+e6,519,0.0054,118
e6+g2+sp1+su3,515,0.0054,37
su2+su2+su2+su2+su2+su2+su2+su2+su3,512,0.0053,9
e7+so7+su2+su2+su2+su2,508,0.0053,43
su2+su2+su2+su2+su2+su2+su2+su2+su2,504,0.0052,15
so8+so8+su2+su3+su3,501,0.0052,24
g2+so7+su2+su2+su3,496,0.0052,17
g2+sp1+su3+su3+su3,490,0.0051,15
e7+e8,483,0.0050,279
f4+su2+su2+su2+su2+su2+su3,482,0.0050,26
e6+so8+su2+su2+su3,480,0.0050,33
so7+su2+su2+su2+su2+su2+su2+su2+su2,479,0.0050,9
g2+g2+so7+su2+su2+su2+su2,474,0.0049,10
g2+su2+su2+su2+su2+su2+su2+su2+su3,473,0.0049,9
g2+so7+su2+su2+su2+su3+su3,471,0.0049,10
f4+g2+g2+su2+su2,470,0.0049,27
e6+su3+su3+su3,468,0.0049,33
f4+g2+su2+su2+su2+su2+su2,467,0.0049,19
g2+so8+su3,464,0.0048,45
f4+so7+su2+su2+su3,462,0.0048,16
su2+su3+su3+su3+su3+su3,459,0.0048,20
e8+so8,453,0.0047,158
f4+g2+so8+su2+su2,449,0.0047,27
f4+su3+su3+su3,446,0.0046,27
so8+su2+su2+su2+su3+su3+su3,442,0.0046,17
g2+g2+so8+su2+su2+su3,435,0.0045,12
f4+g2+so8+su2,434,0.0045,41
so8+su2+su2+su2+su2+su2+su2+su3,433,0.0045,11
g2+g2+su2+su3+su3,429,0.0045,32
f4+g2+su2+su3+su3,424,0.0044,30
g2+g2+sp1+su3,424,0.0044,28
g2+su2+su2+su3+su3+su3+su3,421,0.0044,13
e8+g2+su2+su2+su3,413,0.0043,85
f4+g2+sp1+su2+su2+su3,413,0.0043,18
g2+g2+so8+su2+su2+su2+su2,409,0.0042,17
e6+e8+su2,406,0.0042,101
e8+f4,406,0.0042,160
e6+e6+su2+su2,400,0.0042,54
f4+so8+su2+su2+su2+su2,397,0.0041,27
e7+su2+su2+su2+su2+su2+su3,394,0.0041,91
g2+su2+su3+su3+su3+su3,386,0.0040,20
su2+su2+su2+su2+su2+su2+su2+su3+su3,385,0.0040,10
e8+g2+sp1+su3,375,0.0039,73
g2+so8+so8+su2+su2+su2,364,0.0038,26
e7+g2+su2+su2+su2+su3,358,0.0037,58
g2+su3+su3+su3,354,0.0037,31
e6+e7+su2+su2,351,0.0036,91
e6+so7+su2+su2+su3,340,0.0035,20
g2+g2+so8+su2,338,0.0035,52
e6+su2+su2+su2+su2+su2+su3,338,0.0035,32
g2+g2+sp1+sp1,336,0.0035,20
e6+g2+g2+su2+su2,336,0.0035,27
so7+so7+su2+su2+su2+su2+su2+su2,336,0.0035,12
g2+g2+su2+su2+su2+su2+su3+su3,333,0.0035,10
f4+g2+su2+su2+su3+su3,329,0.0034,20
g2+so8+so8+sp1+su2,328,0.0034,16
g2+g2+g2+sp1+sp1+su2+su2,328,0.0034,8
su3+su3+su3+su3+su3,327,0.0034,18
su2+su2+su2+su2+su3+su3+su3+su3,321,0.0033,10
g2+g2+g2+su2+su2,319,0.0033,27
so7+su2+su2+su2+su2+su2+su2+su2+su3,319,0.0033,5
f4+su2+su2+su3+su3+su3,317,0.0033,26
g2+g2+so7+sp1+su2+su2+su2,317,0.0033,7
e6+e8,316,0.0033,149
g2+so8+su2+su2+su2+su2+su2+su2,315,0.0033,11
g2+g2+so8+sp1+su2+su2+su2,313,0.0033,12
e8+g2+su2+su2+su2+su2,312,0.0032,72
g2+g2+sp1+sp1+su3,311,0.0032,9
g2+g2+sp1+sp1+su2+su2+su2+su2,304,0.0032,5
f4+g2+g2+su2+su2+su2,301,0.0031,18
e7+so7+su2+su2+su3,299,0.0031,40
e7+g2+so8+su2,297,0.0031,62
e6+g2+su2+su2+su2+su2+su2,292,0.0030,18
f4+so7+su2+su2+su2+su3,292,0.0030,14
g2+so7+sp1+su2+su2+su2+su2+su3,292,0.0030,7
g2+sp1+su2+su2+su2+su2+su2+su2+su2,291,0.0030,3
so8+so8+su3+su3,288,0.0030,19
su2+su2+su3+su3+su3+su3+su3,287,0.0030,14
e6+g2+so8+su2,285,0.0030,34
e8+g2,283,0.0029,120
so7,282,0.0029,86
g2+g2+so8+sp1+su2+su3,281,0.0029,10
e7+su2+su2+su2+su2+su2+su2+su2,280,0.0029,70
e6+g2+su2+su3+su3,276,0.0029,24
e8+so8+su3,274,0.0028,81
so8+su2+su3+su3+su3+su3,274,0.0028,14
e8+so8+su2+su3,272,0.0028,80
g2+so8+sp1+su3+su3,268,0.0028,9
e7+g2+g2+su2+su2,267,0.0028,45
so7+so8+su2+su2+su3+su3,267,0.0028,10
so7+so7+su2+su2+su2+su2+su3,264,0.0027,7
f4+g2+g2+sp1+su2,263,0.0027,18
e8+su3+su3+su3,262,0.0027,72
su16+su2,258,0.0027,72
g2+g2+g2+su2+su2+su2+su3,256,0.0027,8
e8+so8+su2+su2+su2,255,0.0026,85
e7+so8+su2+su2+su3,255,0.0026,63
g2+sp1+su2+su2+su2+su2+su2+su2+su3,252,0.0026,1
e6+g2+sp1+su2+su2+su3,246,0.0026,17
f4+f4+su2+su2+su2,229,0.0024,30
f4+g2+g2+sp1+su2+su2,229,0.0024,16
g2+so8+su2+su2+su2+su2+su2+su3,229,0.0024,10
g2+so8+sp1+su2+su2+su3+su3,229,0.0024,8
so8+su3+su3+su3+su3,228,0.0024,12
e7+g2+g2+sp1+su2,227,0.0024,35
f4+f4+su2+su3,227,0.0024,34
g2+g2+sp1+sp1+su2+su2+su2+su3,227,0.0024,2
g2+g2+so7+su2+su2+su2,225,0.0023,7
g2+g2+sp1+su2+su2+su2+su3+su3,225,0.0023,5
g2+sp1+su2+su2+su2+su3+su3+su3,222,0.0023,7
so8+su2+su2+su2+su2+su2+su3+su3,219,0.0023,8
e8+g2+sp1+su2+su3,218,0.0023,74
e6+so8+su2+su2+su2+su2,218,0.0023,22
so7+su2+su2+su2+su2+su3+su3+su3,217,0.0023,8
e8+su2+su2+su2+su3+su3,216,0.0022,76
su8,216,0.0022,43
g2+g2+g2+sp1+su2+su2+su3,214,0.0022,7
e7+g2+su2+su3+su3,213,0.0022,41
g2+su2+su2+su2+su2+su2+su2+su3+su3,213,0.0022,8
g2+g2+sp1+sp1+su2+su3+su3,213,0.0022,6
g2+g2+su2+su2+su2+su2+su2+su2+su2,212,0.0022,5
so8+so8+su2+su2+su3+su3,211,0.0022,20
g2+g2+so8+sp1+sp1+su2,211,0.0022,11
f4+g2+su2+su2+su2+su2+su3,209,0.0022,15
e6+f4+su3,205,0.0021,31
g2+so8+so8+su2+su3,202,0.0021,18
e6+g2+g2+sp1+su2,201,0.0021,17
f4+su2+su2+su2+su2+su3+su3,201,0.0021,20
g2+g2+g2+sp1+su2+su2+su2+su2,199,0.0021,7
g2+g2+g2+su2+su2+su2+su2+su2,198,0.0021,7
su2+su2+su2+su2+su2+su2+su3+su3+su3,198,0.0021,6
g2+g2+g2+sp1+sp1+su2,196,0.0020,9
e6+su2+su2+su3+su3+su3,195,0.0020,24
g2+so7+so8+su2+su2+su2+su2,194,0.0020,13
so8+so8+su2+su2+su2+su2+su2,193,0.0020,20
g2+g2+sp1+su2+su2+su2+su2+su2+su2,193,0.0020,3
g2+g2+su2+su2+su3+su3+su3,192,0.0020,9
f4+g2+sp1+su2+su2+su2+su2,188,0.0020,10
f4+so7+su2+su2+su2+su2+su2,187,0.0019,12
e8+su2+su3+su3+su3,184,0.0019,76
e6+g2+so8+su2+su2,183,0.0019,22
g2+so8+su2+su3+su3+su3,181,0.0019,11
g2+g2+so8+su2+su2+su2+su3,181,0.0019,11
e7+g2+su2+su2+su2+su2+su2,180,0.0019,41
so8+so8+so8+su2,180,0.0019,23
so7+so8+so8+su2+su2,179,0.0019,11
e6+so7+su2+su2+su2+su3,176,0.0018,12
e8+su2+su2+su2+su2+su2+su3,175,0.0018,70
g2+g2+su3,175,0.0018,63
f4+su2+su2+su2+su2+su2+su2+su2,174,0.0018,18
g2+so7+su2+su2+su2+su2+su2+su2+su2,174,0.0018,4
f4+g2+su3,173,0.0018,36
e6+f4+su2+su3,168,0.0017,33
e7+f4+su3,166,0.0017,63
f4+g2+so8+sp1+su2,164,0.0017,16
e8+su2+su2+su2+su2+su2+su2+su2,162,0.0017,65
e7+su8,162,0.0017,73
g2+g2+g2+sp1+su2,160,0.0017,14
g2+so7+su2+su2+su2+su2+su3+su3,160,0.0017,7
g2+g2+so8+sp1+su2+su2+su3,158,0.0016,8
e6+g2+g2+su2+su2+su2,157,0.0016,13
e6+su2+su2+su2+su2+su2+su2+su2,154,0.0016,25
f4+so8+su2+su3+su3,154,0.0016,18
e6+f4+su2+su2+su2,153,0.0016,25
e6+g2+su3,152,0.0016,33
e6+g2+su2+su2+su3+su3,152,0.0016,15
e7+g2+sp1+su2+su2+su3,151,0.0016,41
e7+so8+su2+su2+su2+su2,151,0.0016,47
g2+sp1+su2+su3+su3+su3+su3,149,0.0015,6
e7+g2+so8+sp1,147,0.0015,32
e8+g2+sp1+su2+su2+su2,146,0.0015,66
f4+g2+g2+su2,146,0.0015,33
e7+g2+su3,145,0.0015,60
so7+so8+su2+su2+su2+su3+su3,145,0.0015,10
g2+so8+su3+su3,143,0.0015,22
g2+g2+sp1+sp1+su3+su3,142,0.0015,6
g2+so7+sp1+su2+su2+su3+su3,142,0.0015,4
g2+so8+so8+sp1+su2+su2,140,0.0015,13
g2+so8+sp1+su2+su2+su2+su2+su2,140,0.0015,5
g2+so8+so8+sp1,139,0.0014,10
g2+so7+so8+sp1+su2+su2,139,0.0014,7
g2+g2+sp1+su2+su3+su3+su3,137,0.0014,6
so7+so8+su2+su2+su2+su2+su2+su2,135,0.0014,13
f4+so8+su3+su3,133,0.0014,17
f4+f4+su3,132,0.0014,29
f4+so8+su2+su2+su2+su3,132,0.0014,15
e6+su2+su2+su2+su2+su3+su3,129,0.0013,17
g2+g2+so7+su2+su2+su2+su2+su2,129,0.0013,6
g2+sp1+su2+su2+su2+su2+su2+su3+su3,128,0.0013,3
e6+e6+su3,127,0.0013,35
e7+su2+su2+su3+su3+su3,127,0.0013,46
f4+so8+so8+su2,126,0.0013,23
g2+g2+g2+sp1+sp1+su2+su2+su2,126,0.0013,4
e6+g2+g2+sp1+su2+su2,124,0.0013,10
g2+su2+su2+su2+su3+su3+su3+su3,124,0.0013,7
e6+so8+su3+su3,123,0.0013,21
so8+so8+su2+su2+su2+su2+su3,122,0.0013,15
g2+g2+sp1+su3+su3,119,0.0012,10
g2+g2+so8+su2+su3,119,0.0012,8
g2+g2+so7+sp1+su2+su2+su2+su2,119,0.0012,5
e6+so7+su2+su2+su2+su2+su2,117,0.0012,8
so7+so7+su2+su2+su2+su2+su2+su3,117,0.0012,6
e7+e8+su2,116,0.0012,90
so8+so8+so8+su2+su2,116,0.0012,19
g2+so7+su2+su2+su3+su3,116,0.0012,6
e7+so8+su3+su3,115,0.0012,48
e8+f4+su2+su2,114,0.0012,50
so7+so8+so8+su2+su2+su2,114,0.0012,13
so7+su2+su2+su2+su2+su2+su2+su3+su3,113,0.0012,5
e6+e7+su3,112,0.0012,58
g2+g2+g2+su2,111,0.0012,30
f4+g2+so8+sp1,110,0.0011,10
so8+su2+su2+su2+su2+su2+su2+su2+su2,110,0.0011,8
f4+f4+g2+su2,109,0.0011,19
e6+g2+sp1+su2+su2+su2+su2,109,0.0011,11
so8+su2+su2+su3+su3+su3+su3,109,0.0011,11
e8+so7+su2+su2+su2+su2,108,0.0011,29
g2+so8+so8+su2+su2+su3,106,0.0011,13
g2+so7+sp1+su2+su2+su2+su2+su2+su2,106,0.0011,1
f4+g2+sp1+su3+su3,104,0.0011,8
g2+so7+so8+su2+su2,103,0.0011,8
f4+g2+so7+su2+su2+su2,102,0.0011,9
e6+g2+g2+su2,101,0.0010,25
e6+g2+su2+su2+su2+su2+su3,101,0.0010,10
g2+g2+g2+su2+su2+su3,101,0.0010,6
g2+so8+sp1+su2+su2+su2+su2+su3,101,0.0010,5
g2+g2+su2+su2+su2+su2+su2+su2+su3,100,0.0010,6
e8+su8,99,0.0010,63
e7+g2+sp1+su3+su3,99,0.0010,27
g2+g2+so8+sp1+sp1,99,0.0010,9
g2+g2+sp1+su2+su2+su2+su2+su2+su3,99,0.0010,3
e8+e8,98,0.0010,70
f4+f4+su2+su2+su3,97,0.0010,15
g2+so8+su2+su2+su3+su3+su3,96,0.0010,10
su2+su8,95,0.0010,30
so7+su2+su3,93,0.0010,17
e6+f4+g2+su2,92,0.0010,18
e7+so8+so8,91,0.0009,46
e7+g2+g2+su2,91,0.0009,37
e6+g2+so8+sp1,90,0.0009,12
so8+su2+su2+su2+su2+su2+su2+su2+su3,89,0.0009,3
f4+g2+sp1+su2+su3+su3,87,0.0009,11
e7+su2+su2+su2+su2+su3+su3,85,0.0009,39
g2+g2+g2+su2+su2+su2+su2+su3,85,0.0009,7
e8+so7+su2+su2+su3,84,0.0009,32
g2+so7+so8+sp1+su2+su2+su2,83,0.0009,5
g2+g2+sp1+sp1+su2+su2+su2+su2+su2,83,0.0009,1
e7+g2+sp1+su2+su2+su2+su2,81,0.0008,31
e6+g2+so8+sp1+su2,81,0.0008,12
e6+g2+sp1+su3+su3,81,0.0008,10
g2+sp1+su3+su3+su3+su3,81,0.0008,5
so7+so8+su2+su2+su2+su2+su2+su3,81,0.0008,5
f4+g2+su2+su2+su2+su2+su2+su2,81,0.0008,6
g2+g2+g2+sp1+sp1+sp1+su2,79,0.0008,2
g2+g2+so8+sp1,78,0.0008,14
f4+g2+so8+su2+su3,77,0.0008,9
g2+su2+su2+su2+su2+su2+su2+su2+su2+su2,77,0.0008,3
g2+g2+sp1+sp1+su2+su2+su3+su3,77,0.0008,4
su2+su2+su2+su3+su3+su3+su3+su3,77,0.0008,7
f4+g2+so8+su2+su2+su2,76,0.0008,12
g2+so7+sp1+su2+su2+su2+su3+su3,76,0.0008,5
so8+su2+su2+su2+su2+su3+su3+su3,75,0.0008,7
e7+su3+su3+su3+su3,74,0.0008,33
so7+so7+su2+su2+su2+su2+su2+su2+su2,74,0.0008,2
e7+g2+g2,73,0.0008,65
g2+g2+so8+sp1+sp1+su2+su2,73,0.0008,8
f4+g2+g2+su2+su2+su3,72,0.0007,9
so7+su2+su2+su3+su3+su3+su3,72,0.0007,6
g2+so8+su2+su2+su2+su2+su3+su3,72,0.0007,6
g2+g2+so7+sp1+sp1+su2+su2,71,0.0007,3
f4+g2+sp1+su2+su2+su2+su3,70,0.0007,8
g2+g2+g2+sp1+sp1+su2+su3,69,0.0007,4
g2+so7+su2+su2+su2+su2+su2+su2+su3,69,0.0007,5
so7+su2+su2+su2+su2+su2+su2+su2+su2+su2,69,0.0007,2
g2+su2+su2+su2+su2+su2+su2+su2+su2+su3,69,0.0007,3
g2+su2+su2+su2+su2+su2+su3+su3+su3,68,0.0007,6
g2+g2+su2+su2+su2+su3+su3+su3,68,0.0007,7
g2+g2+so8,67,0.0007,41
su2+su3+su3+su3+su3+su3+su3,67,0.0007,6
f4+so7+so8+su2+su2,66,0.0007,8
e6+g2+g2+sp1+sp1,65,0.0007,13
su2+su2+su2+su2+su2+su3+su3+su3+su3,65,0.0007,5
g2+so8+so8+sp1+su2+su3,64,0.0007,9
g2+g2+g2+sp1+su2+su2+su2+su3,64,0.0007,5
so7+su3,63,0.0007,36
f4+g2+g2,63,0.0007,39
e6+su3+su3+su3+su3,63,0.0007,15
g2+g2+su2+su3+su3+su3,63,0.0007,5
f4+su3+su3+su3+su3,62,0.0006,14
f4+so7+su2+su2+su2+su2+su3,62,0.0006,9
f4+su2+su2+su2+su2+su2+su2+su3,61,0.0006,7
g2+su3+su3+su3+su3,60,0.0006,12
e6+so8+su2+su3+su3,60,0.0006,13
so8+so8+so8,59,0.0006,17
e6+so8+so8+su2,59,0.0006,16
su3+su3+su3+su3+su3+su3,59,0.0006,9
f4+f4+su2+su2+su2+su2,58,0.0006,13
f4+so8+su2+su2+su2+su2+su2,58,0.0006,8
g2+so8+su2+su2+su2+su2+su2+su2+su2,58,0.0006,4
f4+g2+g2+sp1+sp1,57,0.0006,10
e8+so8+su3+su3,56,0.0006,37
g2+so8+sp1+su2+su3+su3+su3,56,0.0006,6
g2+so8+so8+sp1+su3,56,0.0006,7
e7+su2+su8,54,0.0006,34
e8+g2+g2+su2+su2,54,0.0006,34
e7+so7+su2+su2+su2+su3,54,0.0006,14
g2+g2+so8+su2+su2+su2+su2+su2,54,0.0006,5
e8+g2+so8+su2,53,0.0006,34
e8+so8+su2+su2+su3,53,0.0006,35
g2+g2+so7+sp1+su2+su2,53,0.0006,4
f4+g2+g2+su2+su2+su2+su2,53,0.0006,8
e8+g2+su2+su2+su2+su3,51,0.0005,32
g2+so7+su2,51,0.0005,25
e6+su8,51,0.0005,24
so8+so8+su3+su3+su3,51,0.0005,12
e6+g2+sp1+su2+su3+su3,51,0.0005,7
g2+g2+so8+sp1+sp1+su3,51,0.0005,5
g2+so8+so8+su2+su2+su2+su2,51,0.0005,8
e7+f4+su2+su3,50,0.0005,28
e8+g2+su2+su3+su3,50,0.0005,30
e8+su2+su2+su3+su3+su3,50,0.0005,32
e7+g2+so8+su2+su2,50,0.0005,26
e6+so8+su2+su2+su2+su3,50,0.0005,10
f4+g2+su2+su2+su2+su3+su3,50,0.0005,11
g2+sp1+su2+su2+su3+su3+su3+su3,50,0.0005,3
so7+su2+su2+su2+su2+su2+su2+su2+su2+su3,50,0.0005,2
f4+g2+su3+su3,49,0.0005,22
e6+e8+su3,49,0.0005,36
e8+f4+su3,49,0.0005,35
e6+e8+su2+su2,49,0.0005,38
e6+su2+su2+su2+su2+su2+su2+su3,49,0.0005,9
f4+su2+su3+su3+su3+su3,49,0.0005,14
g2+g2+g2+sp1+su2+su3,49,0.0005,3
f4+su2+su2+su2+su3+su3+su3,48,0.0005,10
f4+g2+g2+sp1+sp1+su2,48,0.0005,11
g2+so8+sp1+su3+su3+su3,48,0.0005,5
f4+g2+g2+sp1+su2+su3,48,0.0005,5
e8+so8+so8,47,0.0005,33
e8+su3+su3+su3+su3,47,0.0005,31
e7+so7+su2+su2+su2+su2+su2,46,0.0005,15
g2+g2+g2,45,0.0005,21
f4+so7+su2+su2+su3+su3,45,0.0005,8
g2+g2+so8+sp1+su2+su2+su2+su2,45,0.0005,4
g2+g2+so8+sp1+su3,45,0.0005,5
g2+su2+su2+su8,45,0.0005,2
e6+g2+g2,44,0.0005,32
g2+sp1+su2+su2+su2+su2+su3+su3+su3,44,0.0005,1
e7+su2+su2+su2+su2+su2+su2+su3,43,0.0004,25
e8+so8+su2+su2+su2+su2,43,0.0004,31
e7+su2+su2+su2+su2+su2+su2+su2+su2,43,0.0004,25
e6+g2+su2+su2+su2+su2+su2+su2,43,0.0004,5
f4+g2+g2+sp1+su2+su2+su2,43,0.0004,6
e7+g2+g2+sp1,42,0.0004,20
e7+g2+su2+su2+su3+su3,42,0.0004,24
e6+so8+so8,41,0.0004,17
e6+g2+su3+su3,41,0.0004,16
g2+so8+so8,40,0.0004,26
e7+f4+su2+su2+su2,40,0.0004,20
g2+su2+su2+su2+su8,40,0.0004,2
g2+g2+sp1+su2+su2+su3+su3+su3,40,0.0004,4
so8+so8+su2+su2+su2+su3+su3,40,0.0004,8
f4+f4+g2+su2+su2,39,0.0004,12
e7+f4+g2+su2,38,0.0004,24
e6+g2+so7+su2+su2+su2,38,0.0004,9
g2+so7+so8+su2+su2+su2+su3,38,0.0004,5
su2+su2+su2+su3+su8,38,0.0004,1
g2+so7+sp1+su2+su2+su2+su2+su2+su3,38,0.0004,2
e8+su2+su8,37,0.0004,29
f4+g2+g2+su2+su3,37,0.0004,4
g2+g2+sp1+su2+su2+su2+su2+su3+su3,37,0.0004,1
e8+g2+su2+su2+su2+su2+su2,36,0.0004,25
f4+g2+su2+su3+su3+su3,36,0.0004,8
e8+su2+su2+su2+su2+su3+su3,35,0.0004,25
e7+e7+su2+su2,35,0.0004,34
f4+so8+so8,35,0.0004,16
f4+g2+so8,35,0.0004,23
e8+g2+su3,35,0.0004,21
g2+sp1+su2+su2+su2+su2+su2+su2+su2+su2,35,0.0004,1
g2+su2+su2+su2+su2+su2+su2+su2+su3+su3,35,0.0004,1
e7+so7,34,0.0004,34
su2+su2+su8,34,0.0004,15
g2+su2+su3+su3+su3+su3+su3,34,0.0004,6
so8+su2+su2+su2+su2+su2+su2+su3+su3,34,0.0004,4
g2+so7+so7+su2+su2+su2+su2,34,0.0004,4
g2+g2+sp1+sp1+su2+su2+su2+su2+su3,34,0.0004,1
g2+g2+su3+su3,33,0.0003,22
so8+so8+so8+su2+su3,33,0.0003,11
f4+g2+so8+sp1+su2+su2,33,0.0003,9
f4+g2+so7+su2+su2,33,0.0003,2
g2+g2+su2+su2+su2+su2+su2+su2+su2+su2,33,0.0003,2
g2+sp1+su2+su2+su2+su2+su2+su2+su2+su3,33,0.0003,1
so7+su2+su2+su2+su3+su3+su3+su3,33,0.0003,3
g2+so8+sp1+su2+su2+su2+su3+su3,32,0.0003,5
g2+g2+so7+su2+su2+su2+su3,32,0.0003,2
g2+so7+so8+su2+su2+su3,32,0.0003,2
e8+su2+su2+su2+su2+su2+su2+su3,31,0.0003,23
f4+so7,31,0.0003,22
e8+su2+su2+su2+su2+su2+su2+su2+su2,31,0.0003,23
e6+su2+su3+su3+su3+su3,31,0.0003,11
f4+g2+g2+sp1,31,0.0003,10
e6+e6+su2+su2+su2,31,0.0003,12
e6+f4+su2+su2+su3,31,0.0003,9
f4+su2+su2+su2+su2+su2+su2+su2+su2,31,0.0003,7
g2+so7+so7+su2+su2+su2+su2+su2,31,0.0003,5
so7+so8,30,0.0003,21
e6+e6+su2+su3,30,0.0003,12
g2+so7,30,0.0003,13
so8+so8+so8+su3,30,0.0003,11
e6+g2+g2+sp1,30,0.0003,9
e7+g2+g2+su2+su2+su2,30,0.0003,19
g2+so8+sp1+su2+su2+su2+su2+su2+su2,30,0.0003,2
su2+su2+su3+su8,30,0.0003,2
e6+g2+sp1+su2+su2+su2+su3,30,0.0003,3
g2+g2+su2+su2+su2+su2+su2+su3+su3,30,0.0003,3
f4+so8+so8+su2+su2,29,0.0003,12
f4+so8+su2+su2+su3+su3,29,0.0003,9
so8+so8+su2+su3+su3+su3,29,0.0003,9
e7+g2+su3+su3,29,0.0003,18
g2+g2+so7+su2+su2+su2+su2+su3,29,0.0003,4
f4+su8,28,0.0003,16
e6+su2+su2+su2+su2+su2+su2+su2+su2,28,0.0003,9
e7+g2+su2+su2+su2+su2+su3,28,0.0003,19
so8+so8+su2+su2+su2+su2+su2+su2,28,0.0003,7
so7+su2+su2+su2+su2+su2+su3+su3+su3,28,0.0003,3
g2+g2+sp1+sp1+su3+su3+su3,28,0.0003,3
su2+su2+su2+su2+su3+su8,28,0.0003,1
g2+g2+sp1+su2+su2+su2+su2+su2+su2+su2,28,0.0003,1
g2+so8+su3+su3+su3,27,0.0003,7
e6+so7+su2+su2+su2+su2+su3,27,0.0003,6
f4+g2+so8+sp1+su3,27,0.0003,6
so8+so8+so8+su2+su2+su2,27,0.0003,11
su2+su2+su2+su2+su2+su8,27,0.0003,1
so7+su2+su2+su2+su8,27,0.0003,1
f4+f4+su3+su3,26,0.0003,12
g2+su2+su2+su3+su8,26,0.0003,2
su2+su2+su3+su3+su3+su3+su3+su3,26,0.0003,6
g2+g2+g2+sp1+su2+su2+su2+su2+su2,26,0.0003,2
so8+su3+su3+su3+su3+su3,25,0.0003,7
so7+so7+so8+su2+su2+su2+su2,25,0.0003,6
f4+g2+su2+su2+su2+su2+su2+su3,25,0.0003,7
e6+g2+so7+su2+su2,25,0.0003,2
su2+su2+su2+su2+su8,25,0.0003,1
g2+sp1+su2+su2+su8,25,0.0003,1
su2+su3+su8,24,0.0002,5
e6+su2+su8,24,0.0002,12
e6+so8+su2+su2+su2+su2+su2,24,0.0002,5
e6+f4+g2+sp1,24,0.0002,6
e7+so8+su2+su3+su3,24,0.0002,14
f4+g2+so7+sp1+su2+su2,24,0.0002,5
e7+g2+so8,24,0.0002,20
su2+su3+su3+su8,24,0.0002,2
g2+g2+g2+sp1,23,0.0002,10
e7+so8+so8+su2,23,0.0002,19
f4+f4+so8+su2,23,0.0002,8
e6+g2+g2+su2+su3,23,0.0002,3
so7+so7+su2+su2+su2+su2+su3+su3,23,0.0002,5
g2+g2+g2+sp1+sp1,22,0.0002,8
g2+so8+su2+su2+su2+su2+su2+su2+su3,22,0.0002,3
f4+g2+sp1+su2+su2+su2+su2+su2,22,0.0002,4
g2+g2+g2+su2+su2+su2+su2+su2+su2,22,0.0002,4
g2+so8+so8+sp1+su2+su2+su2,22,0.0002,6
su2+su2+su3+su3+su8,22,0.0002,1
g2+su2+su2+su2+su2+su8,22,0.0002,1
e7+e7+su3,21,0.0002,18
e6+so7+so8+su2+su2,21,0.0002,7
e6+f4+su2+su2+su2+su2,21,0.0002,7
e6+g2+so8+su2+su3,21,0.0002,8
f4+f4+g2+sp1,21,0.0002,6
e6+su2+su2+su2+su3+su3+su3,21,0.0002,6
g2+g2+sp1+su3+su3+su3,21,0.0002,3
su2+su2+su2+su8,21,0.0002,1
g2+sp1+su2+su3+su8,21,0.0002,1
e6+so7,20,0.0002,18
e7+so8+su2+su2+su2+su3,20,0.0002,13
f4+su2+su8,20,0.0002,7
g2+g2+g2+so8+su2+su2,20,0.0002,2
g2+su2+su8,20,0.0002,6
g2+su2+su3+su8,20,0.0002,4
g2+su2+su2+su3+su3+su3+su3+su3,20,0.0002,4
g2+so8+so8+su3,19,0.0002,8
so7+so7+su2+su2+su2+su2+su2+su2+su3,19,0.0002,3
g2+sp1+su2+su2+su2+su2+su2+su2+su3+su3,19,0.0002,1
su2+su2+su2+su2+su2+su2+su8,19,0.0002,1
so8+su2+su2+su2+su3+su3+su3+su3,19,0.0002,4
e6+g2+so8,18,0.0002,15
so8+su2+su8,18,0.0002,6
f4+g2+sp1+su2+su2+su3+su3,18,0.0002,5
so7+so8+su2+su2+su2+su2+su3+su3,18,0.0002,4
g2+g2+so8+su2+su2+su3+su3,18,0.0002,5
so7+so8+su2+su2+su2+su2+su2+su2+su2,18,0.0002,2
g2+sp1+su2+su8,18,0.0002,1
g2+so7+su2+su2+su2+su2+su2+su2+su2+su2,18,0.0002,1
su3+su8,17,0.0002,14
e8+g2+g2,17,0.0002,17
e6+so7+su2+su2+su3+su3,17,0.0002,6
e6+g2+so8+su2+su2+su2,17,0.0002,9
e6+g2+g2+su2+su2+su3,17,0.0002,8
g2+g2+g2+so8+su2+su2+su2,17,0.0002,5
g2+so7+so8+su2+su2+su2+su2+su2,17,0.0002,4
so7+so8+so8+su2+su2+su2+su2,17,0.0002,6
so7+so8+so8+su2+su2+su3,17,0.0002,5
g2+sp1+su2+su2+su2+su8,17,0.0002,1
su2+su2+su2+su2+su3+su3+su3+su3+su3,17,0.0002,2
so7+so8+su2,16,0.0002,9
f4+f4+su2+su3+su3,16,0.0002,8
e7+su2+su3+su3+su3+su3,16,0.0002,14
e7+f4+g2,16,0.0002,14
g2+g2+so8+su2+su3+su3,16,0.0002,2
f4+g2+su2+su2+su2+su2+su2+su2+su2,16,0.0002,4
g2+so8+sp1+su2+su2+su2+su2+su2+su3,16,0.0002,2
f4+su2+su2+su2+su2+su2+su3+su3,16,0.0002,4
so8+su2+su2+su8,16,0.0002,2
f4+so7+su2+su2+su2+su2+su2+su2,16,0.0002,5
f4+g2+so7+su2+su2+su2+su2,15,0.0002,8
f4+g2+sp1+su3+su3+su3,15,0.0002,6
g2+g2+so8+so8+su2+su2,15,0.0002,7
so7+so8+su2+su2+su3+su3+su3,15,0.0002,5
g2+g2+g2+sp1+sp1+sp1,15,0.0002,3
g2+so7+sp1+su2+su2+su2+su2+su2+su2+su2,15,0.0002,1
f4+f4+g2,14,0.0001,14
e6+f4+g2+su2+su2,14,0.0001,8
so8+su8,14,0.0001,9
e7+g2+so7+su2+su2,14,0.0001,4
g2+g2+su2+su2+su2+su2+su2+su2+su2+su3,14,0.0001,1
g2+su2+su2+su2+su2+su3+su3+su3+su3,14,0.0001,3
g2+so7+so7+sp1+su2+su2+su2+su2,14,0.0001,1
e6+f4+su3+su3,13,0.0001,10
f4+f4+su2+su2+su2+su3,13,0.0001,8
e6+g2+su2+su3+su3+su3,13,0.0001,8
e6+g2+su2+su2+su2+su3+su3,13,0.0001,7
e6+g2+g2+sp1+su3,13,0.0001,2
g2+so8+so8+su2+su2+su2+su3,13,0.0001,7
f4+so8+su2+su2+su2+su2+su3,13,0.0001,5
so7+su2+su2+su2+su2+su2+su2+su2+su3+su3,13,0.0001,1
e6+e6+g2+su2,12,0.0001,9
g2+su8,12,0.0001,8
e7+g2+su2+su2+su2+su2+su2+su2,12,0.0001,8
g2+so7+su2+su2+su2+su3+su3+su3,12,0.0001,5
so7+so7+su2+su2+su2+su2+su2+su2+su2+su2,12,0.0001,2
f4+su2+su2+su2+su2+su2+su2+su2+su3,12,0.0001,2
so8+so8+su2+su2+su2+su2+su2+su3,12,0.0001,3
su2+su2+su2+su3+su3+su8,12,0.0001,1
g2+g2+sp1+sp1+su2+su2+su2+su2+su2+su2,12,0.0001,1
so7+su2+su2+su8,12,0.0001,1
so8+su2+su2+su2+su8,12,0.0001,1
g2+sp1+su3+su3+su3+su3+su3,12,0.0001,3
g2+so7+sp1,11,0.0001,6
f4+so8+so8+su3,11,0.0001,7
f4+so8+su3+su3+su3,11,0.0001,8
e7+so8+su2+su2+su2+su2+su2,11,0.0001,9
e6+so8+su2+su2+su3+su3,11,0.0001,6
e6+f4+g2,11,0.0001,10
g2+g2+so8+su2+su2+su2+su2+su3,11,0.0001,6
e6+su2+su2+su2+su2+su2+su3+su3,11,0.0001,2
g2+g2+g2+su2+su2+su2+su3+su3,11,0.0001,5
e6+su2+su2+su2+su2+su2+su2+su2+su3,11,0.0001,2
g2+so8+so8+su2+su3+su3,11,0.0001,5
f4+su2+su2+su8,11,0.0001,2
g2+g2+so7+su2+su2+su2+su2+su2+su2,11,0.0001,4
f4+g2+so8+su2+su2+su3,11,0.0001,7
so8+su2+su3+su8,11,0.0001,2
so8+su2+su3+su3+su3+su3+su3,11,0.0001,3
so7+su2+su2+su2+su2+su8,11,0.0001,1
e6+so7+su2+su2+su2+su2+su2+su2,11,0.0001,3
e6+g2+sp1+su2+su2+su2+su2+su2,11,0.0001,2
g2+sp1+su2+su2+su2+su3+su3+su3+su3,11,0.0001,1
so7+su2+su3+su3,10,0.0001,7
so7+su3+su3,10,0.0001,9
e6+so8+so8+su2+su2,10,0.0001,8
e6+e6+su3+su3,10,0.0001,9
f4+f4+so8,10,0.0001,6
f4+f4+su2+su2+su2+su2+su2,10,0.0001,6
e6+e7+su2+su3,10,0.0001,8
f4+g2+sp1+su2+su2+su2+su2+su3,10,0.0001,3
g2+so8+su2+su8,10,0.0001,4
e7+g2+g2+sp1+su3,10,0.0001,4
f4+g2+g2+sp1+su3,10,0.0001,3
e6+g2+g2+su2+su2+su2+su2,10,0.0001,5
g2+so7+su2+su2+su2+su2+su2+su3+su3,10,0.0001,2
su3+su3+su3+su3+su3+su3+su3,10,0.0001,4
su2+su2+su2+su2+su2+su3+su8,10,0.0001,1
g2+su2+su2+su2+su2+su2+su2+su3+su3+su3,10,0.0001,1
g2+sp1+su2+su3+su3+su3+su3+su3,10,0.0001,3
g2+so8+su2+su2+su2+su2+su2+su2+su2+su2,10,0.0001,1
so8+so8+so8+so8,9,0.0001,8
e6+so8+su3+su3+su3,9,0.0001,6
f4+su2+su2+su3+su3+su3+su3,9,0.0001,5
so8+so8+su2+su2+su3+su3+su3,9,0.0001,4
g2+sp1+su3+su8,9,0.0001,2
f4+g2+so8+su3,9,0.0001,4
su2+su3+su3+su3+su8,9,0.0001,2
g2+g2+sp1+su2+su2+su2+su2+su2+su2+su3,9,0.0001,1
su2+su2+su2+su2+su2+su2+su2+su8,9,0.0001,1
so8+su2+su2+su2+su2+su2+su3+su3+su3,9,0.0001,1
e8+so7,8,0.0001,8
g2+g2+g2+su2+su3,8,0.0001,6
e6+so8+so8+su3,8,0.0001,6
e7+g2+so8+su3,8,0.0001,6
e6+e7+g2,8,0.0001,6
e6+g2+su2+su2+su2+su2+su2+su3,8,0.0001,4
g2+g2+g2+su2+su2+su3+su3,8,0.0001,1
g2+g2+g2+sp1+sp1+su3,8,0.0001,3
e7+g2+g2+su2+su3,8,0.0001,4
g2+so8+su2+su2+su2+su3+su3+su3,8,0.0001,4
e7+g2+g2+sp1+su2+su2,8,0.0001,4
g2+g2+g2+g2+su2+su2+su2+su2,8,0.0001,5
g2+so7+su2+su2+su3+su3+su3,8,0.0001,2
g2+g2+g2+g2+su2+su2+su2,8,0.0001,2
so8+so8+su2+su2+su2+su2+su2+su2+su2,8,0.0001,2
g2+so8+so8+so8+su2,8,0.0001,6
so8+so8+su3+su3+su3+su3,8,0.0001,5
g2+g2+g2+so8+sp1+su2,8,0.0001,1
f4+g2+g2+su2+su2+su2+su3,8,0.0001,6
g2+g2+so8+sp1+su3+su3,8,0.0001,1
so7+su2+su2+su3+su8,8,0.0001,1
e6+e6+su2+su2+su3,7,0.0001,7
g2+sp1+su8,7,0.0001,3
e6+g2+so8+su3,7,0.0001,3
e6+g2+su3+su3+su3,7,0.0001,3
g2+g2+so7+sp1+su2+su2+su3,7,0.0001,1
f4+g2+su2+su2+su3+su3+su3,7,0.0001,6
e7+su2+su2+su2+su3+su3+su3,7,0.0001,7
f4+g2+su3+su3+su3,7,0.0001,3
g2+g2+so8+so8+su2,7,0.0001,2
so7+so8+su2+su2+su2+su2+su2+su2+su3,7,0.0001,3
g2+g2+sp1+su2+su8,7,0.0001,1
g2+su2+su2+su2+su3+su8,7,0.0001,1
g2+sp1+su2+su2+su3+su8,7,0.0001,1
g2+g2+su2+su2+su3+su3+su3+su3,7,0.0001,3
f4+so7+su2,6,0.0001,4
g2+g2+g2+g2,6,0.0001,6
e6+f4+so8,6,0.0001,5
f4+f4+f4,6,0.0001,6
e6+e7+su2+su2+su2,6,0.0001,6
f4+so7+so8+su2+su2+su2,6,0.0001,5
e6+so8+su2+su2+su2+su2+su3,6,0.0001,4
so8+so8+su8,6,0.0001,6
e7+g2+su3+su3+su3,6,0.0001,4
so8+so8+so8+su3+su3,6,0.0001,5
g2+su3+su3+su3+su3+su3,6,0.0001,4
g2+so8+su2+su3+su3+su3+su3,6,0.0001,4
e6+su2+su2+su8,6,0.0001,2
so8+so8+so8+su2+su2+su3,6,0.0001,5
so8+so8+su2+su2+su2+su2+su3+su3,6,0.0001,4
g2+so8+sp1+su2+su2+su2+su2+su2+su2+su2,6,0.0001,1
g2+sp1+su2+su2+su2+su2+su2+su3+su3+su3,6,0.0001,1
f4+so8+su2+su2+su2+su2+su2+su2,6,0.0001,4
g2+g2+so7,5,0.0001,4
e6+e6+su2+su2+su2+su2,5,0.0001,5
f4+su3+su8,5,0.0001,5
f4+so7+su2+su2+su2+su3+su3,5,0.0001,4
g2+so8+sp1+su8,5,0.0001,2
e6+g2+su2+su2+su2+su2+su2+su2+su2,5,0.0001,3
e6+g2+g2+sp1+su2+su3,5,0.0001,2
f4+g2+so8+su2+su2+su2+su2,5,0.0001,5
g2+so8+so8+su2+su2+su2+su2+su2,5,0.0001,2
f4+g2+g2+su2+su2+su2+su2+su2,5,0.0001,4
g2+so7+so7+su2+su2+su2+su2+su2+su2,5,0.0001,3
g2+so8+so8+su3+su3,5,0.0001,2
so8+su3+su8,5,0.0001,4
g2+g2+su2+su2+su8,5,0.0001,2
f4+g2+sp1+su2+su2+su2+su2+su2+su2,5,0.0001,2
f4+g2+g2+so8+sp1,5,0.0001,2
f4+g2+su2+su8,5,0.0001,4
f4+g2+su2+su2+su2+su2+su3+su3,5,0.0001,4
f4+g2+g2+so8+su2,5,0.0001,2
su2+su2+su2+su3+su3+su3+su3+su3+su3,5,0.0001,2
g2+su2+su2+su2+su2+su2+su8,5,0.0001,1
g2+g2+su2+su2+su2+su2+su2+su2+su3+su3,5,0.0001,1
g2+g2+su2+su2+su2+su2+su3+su3+su3,5,0.0001,1
e8+g2+g2+su2,5,0.0001,3
e7+so7+su2,4,0.0000,4
so7+so7+su2+su2,4,0.0000,2
e6+su3+su8,4,0.0000,4
f4+f4+so7+su2+su2,4,0.0000,4
e6+e6+g2,4,0.0000,4
su3+su3+su8,4,0.0000,2
g2+g2+g2+sp1+su2+su3+su3,4,0.0000,1
e6+g2+g2+sp1+su2+su2+su2,4,0.0000,2
g2+so8+su8,4,0.0000,3
e7+su2+su2+su8,4,0.0000,4
g2+g2+so8+su2+su2+su2+su2+su2+su2,4,0.0000,2
f4+su2+su2+su2+su2+su3+su3+su3,4,0.0000,3
g2+g2+su2+su3+su3+su3+su3,4,0.0000,1
g2+so8+su3+su3+su3+su3,4,0.0000,2
so8+so8+so8+su2+su2+su2+su2,4,0.0000,4
e6+su2+su2+su3+su3+su3+su3,4,0.0000,3
f4+g2+su2+su2+su2+su2+su2+su2+su3,4,0.0000,3
g2+su3+su8,4,0.0000,3
g2+su2+su3+su3+su8,4,0.0000,1
g2+g2+g2+su2+su2+su2+su2+su2+su3,4,0.0000,1
g2+so8+su2+su2+su2+su2+su2+su3+su3,4,0.0000,1
g2+sp1+su2+su2+su2+su2+su8,4,0.0000,1
so8+su2+su2+su3+su8,4,0.0000,1
su2+su2+su3+su3+su3+su8,4,0.0000,1
so7+su2+su2+su2+su2+su2+su2+su2+su2+su2+su2,4,0.0000,1
su2+su3+su3+su3+su3+su3+su3+su3,4,0.0000,3
so8+su3+su3+su3+su3+su3+su3,4,0.0000,3
g2+sp1+su3+su3+su8,4,0.0000,1
e8+g2+g2+sp1,4,0.0000,2
e8+g2+su3+su3,4,0.0000,2
e6+so7+su2,3,0.0000,2
so7+so7,3,0.0000,3
g2+so7+sp1+su2,3,0.0000,2
e6+e6+so8,3,0.0000,3
e6+so8+su2+su2+su2+su2+su2+su2,3,0.0000,3
g2+g2+g2+so8+sp1+su2+su2,3,0.0000,1
su2+su8+su8,3,0.0000,2
e6+su2+su2+su2+su2+su2+su2+su3+su3,3,0.0000,2
e6+su3+su3+su3+su3+su3,3,0.0000,3
g2+g2+g2+g2+sp1+su2+su2,3,0.0000,1
e6+g2+su8,3,0.0000,2
f4+su2+su2+su2+su2+su2+su2+su3+su3,3,0.0000,2
f4+su3+su3+su3+su3+su3,3,0.0000,3
so8+so8+su2+su2+su2+su2+su2+su2+su3,3,0.0000,2
f4+g2+g2+su2+su3+su3,3,0.0000,2
g2+g2+so8+so8+sp1,3,0.0000,2
e6+su2+su2+su2+su2+su3+su3+su3,3,0.0000,2
f4+g2+su8,3,0.0000,2
su3+su3+su3+su8,3,0.0000,2
f4+g2+so7+su2+su2+su3,3,0.0000,2
so8+su2+su2+su2+su2+su8,3,0.0000,1
su2+su2+su2+su2+su3+su3+su8,3,0.0000,1
so7+so7+so8+su2+su2+su2+su2+su2,3,0.0000,2
g2+su2+su2+su2+su2+su2+su3+su3+su3+su3,3,0.0000,1
su3+su3+su3+su3+su3+su3+su3+su3,3,0.0000,3
so7+su2+su2+su2+su2+su3+su3+su3+su3,3,0.0000,1
g2+so7+su2+su2+su2+su2+su2+su2+su2+su3,3,0.0000,1
su2+su2+su2+su2+su2+su2+su3+su8,3,0.0000,1
so7+su2+su2+su3+su3+su3+su3+su3,3,0.0000,2
so8+su2+su2+su2+su2+su3+su3+su3+su3,3,0.0000,1
g2+g2+so8+su3,2,0.0000,2
e7+su3+su8,2,0.0000,2
g2+su3+su3+su8,2,0.0000,2
f4+su2+su3+su8,2,0.0000,2
so8+so8+su2+su8,2,0.0000,2
f4+g2+g2+g2+su2+su2,2,0.0000,2
e6+su2+su3+su8,2,0.0000,2
g2+so7+su2+su3,2,0.0000,2
g2+g2+so8+so8+sp1+su2,2,0.0000,1
so16,2,0.0000,1
so8+su3+su3+su8,2,0.0000,2
f4+g2+su2+su2+su2+su2+su2+su2+su2+su2,2,0.0000,2
su8+su8,2,0.0000,2
g2+g2+so7+su2+su2,2,0.0000,1
so7+su2+su2+su2+su2+su2+su2+su3+su3+su3,2,0.0000,1
e7+su2+su2+su2+su2+su2+su3+su3,2,0.0000,2
f4+su2+su2+su2+su8,2,0.0000,1
g2+su2+su2+su2+su2+su3+su8,2,0.0000,1
g2+su2+su2+su3+su3+su8,2,0.0000,1
so7+so7+su2+su2+su2+su2+su2+su3+su3,2,0.0000,1
su2+su2+su2+su2+su2+su2+su2+su2+su8,2,0.0000,1
so8+su2+su2+su3+su3+su3+su3+su3,2,0.0000,1
so7+so7+su2+su2+su2+su2+su2+su2+su2+su3,2,0.0000,1
g2+g2+sp1+su2+su2+su2+su2+su2+su2+su2+su2,2,0.0000,1
g2+g2+su2+su2+su2+su8,2,0.0000,1
g2+so8+su2+su2+su8,2,0.0000,1
e7+su2+su2+su2+su2+su2+su2+su2+su3,2,0.0000,2
so7+su2+su2+su2+su2+su2+su2+su2+su2+su2+su3,2,0.0000,1
so7+su2+su2+su2+su3+su8,2,0.0000,1
g2+su2+su2+su2+su3+su3+su3+su3+su3,2,0.0000,1
g2+so8+su2+su2+su2+su2+su2+su2+su2+su3,2,0.0000,1
g2+g2+su2+su2+su2+su2+su2+su2+su2+su2+su2,2,0.0000,1
e8+g2+so8,2,0.0000,2
e8+f4+g2,2,0.0000,2
e6+f4+g2+su3,2,0.0000,1
f4+g2+so8+su3+su3,2,0.0000,1
g2+so7+so7+su2+su2+su2+su2+su3,1,0.0000,1
so16+su2,1,0.0000,1
f4+g2+g2+sp1+su3+su3,1,0.0000,1
g2+so8+su3+su8,1,0.0000,1
g2+su3+su3+su3+su3+su3+su3,1,0.0000,1
g2+g2+g2+so8+sp1+sp1,1,0.0000,1
g2+g2+sp1+su3+su3+su3+su3,1,0.0000,1
g2+g2+so8+sp1+su2+su3+su3,1,0.0000,1
f4+g2+g2+g2+sp1+su2,1,0.0000,1
g2+su3+su3+su3+su8,1,0.0000,1
g2+so7+sp1+su3,1,0.0000,1
so7+su3+su3+su3,1,0.0000,1
f4+g2+g2+sp1+su2+su2+su3,1,0.0000,1
g2+g2+su3+su3+su3,1,0.0000,1
g2+g2+so7+sp1+su2+su2+su2+su3,1,0.0000,1
g2+g2+g2+so7+su2+su2+su2+su2,1,0.0000,1
g2+g2+g2+sp1+su3,1,0.0000,1
so8+su2+su2+su2+su3+su8,1,0.0000,1
g2+g2+g2+su2+su2+su2+su2+su2+su2+su2,1,0.0000,1
e6+su2+su2+su2+su8,1,0.0000,1
so8+su2+su2+su2+su2+su2+su8,1,0.0000,1
g2+su2+su3+su3+su3+su3+su3+su3,1,0.0000,1
so7+so7+su2+su2+su2+su2+su2+su2+su2+su2+su2,1,0.0000,1
su2+su2+su3+su3+su3+su3+su3+su3+su3,1,0.0000,1
su2+su2+su8+su8,1,0.0000,1
so7+su2+su2+su2+su2+su2+su2+su2+su2+su3+su3,1,0.0000,1
su2+su2+su2+su2+su2+su3+su3+su8,1,0.0000,1
g2+su2+su2+su2+su2+su2+su2+su8,1,0.0000,1
so8+su2+su3+su3+su8,1,0.0000,1
su2+su2+su2+su3+su3+su3+su8,1,0.0000,1
so7+so8+su2+su2+su2+su2+su2+su2+su2+su2,1,0.0000,1
su2+su3+su3+su3+su3+su8,1,0.0000,1
g2+g2+su2+su2+su2+su2+su2+su2+su2+su2+su3,1,0.0000,1
so7+su2+su2+su2+su2+su2+su8,1,0.0000,1
su3+su3+su3+su3+su8,1,0.0000,1
g2+so7+su2+su2+su2+su2+su2+su2+su2+su2+su2,1,0.0000,1
f4+g2+su3+su3+su3+su3,1,0.0000,1
g2+g2+su2+su8,1,0.0000,1
g2+so8+so8+so8,1,0.0000,1
f4+f4+g2+su3,1,0.0000,1
f4+so7+su2+su2+su2+su2+su2+su3,1,0.0000,1
f4+g2+so8+so8,1,0.0000,1
e8+g2+g2+sp1+su2,1,0.0000,1
